LOCUS,GS,WD,JS,PD,GD,JD,PS,SUMMARY
1:13 [1],m,m,m,Sd,Sd,Sd,m,
6:5 [2],m,,Sd,Sd,Sd,Sd,,
7:56 [3],m,m,m,m,m,,,
19:34 [4],m,,m,,m,m,,
30:10 [5],m,,m,m,m,m,m,
31:27 [6],m,,Sd,m,m,m,,
45:39 [7],Sd,,,,Sd,,Sd,
45:55 [8],Sd,,,,Sd,,Sd,
45:67 [9],Sd,,,,Sd,,Sd,
47:26 [10],m,m,m,,m,m,,
47:72 [11],m,m,m,,m,m,,
47:73 [12],m,m,m,,m,m,,
49:17 [13],m,,m,,m,m,m,
49:63 [14],m,,m,,m,m,m,
55:37 [15],m,m,Sd,m,m,m,m,
56:7 [16],Sd,,,,Sd,,,
63:22 [17],m,,,,m,m,,
75:19 [18],m,,m,Sd,Sd,m,m,
75:41 [19],m,,m,Sd,Sd,m,m,
75:46 [20],m,,m,Sd,Sd,m,m,
75:49 [21],Sd,,Sd,Sd,Sd,,,
77:32 [22],,Sd,,,,,m,
77:38 [23],,,,,,,m,
77:43 [24],,,,,,,m,
91:15 [25],Sd,m,Sd,m,Sd,,,
91:34 [26],Sd,m,Sd,m,Sd,,,
91:38 [27],Sd,m,Sd,m,Sd,,,
91:58 [28],Sd,m,Sd,m,Sd,,,
95:60 [29],m,,Sd,m,m,m,m,
98:33 [30],Sd,,Sd,m,,,,
101:48 [31],Sd,,,,m,m,,
102:4 [32],m,Sd,,,,Sd,,
103:73 [33],m,,m,m,m,m,,
108:66 [34],Sd,,,Sd,m,,,
112:28 [35],Sd,,Sd,Sd,m,Sd,Sd,SIGN
117:70 [36],m,m,m,,Sd,,m,
153:60 [37],,,Sd,Sd,Sd,,,
154:41 [38],,,,,,,,
156:35 [39],,Sd,m,m,m,m,m,
157:71 [40],Sd,,,Sd,Sd,Sd,,
161:61 [41],Sd,m,,,m,m,m,
172:5 [42],Se,Se,Se,Se,Se,Se,Se,SIGNEXCESS
172:75 [43],,,,,m,,,
173:70 [44],m,,Sd,Sd,m,,Sd,
176:14 [45],Sd,Sd,Sd,,Sd,Sd,Sd,SIGN
185:26 [46],m,Sd,m,m,m,m,m,
185:27 [47],m,,m,m,m,m,m,
185:30 [48],m,Sd,m,m,m,m,m,
186:49 [49],m,,m,m,m,m,m,
195:14 [50],m,m,m,,,m,m,
195:30 [51],m,m,m,,,m,m,
208:3 [52],m,,,,m,m,m,
208:17 [53],m,m,,,m,,,
208:33 [54],m,m,m,,,,,
208:44 [55],,m,m,,,m,,
209:19 [56],,m,,Sd,,m,m,
212:10 [57],,,Sd,,m,,,
229:27 [58],m,m,m,,m,,,
229:63 [59],Sd,m,Sd,,m,,,
231:8 [60],Sd,,Sd,Sd,Sd,Sd,,SIGN
231:31 [61],m,,Sd,Sd,,,m,
241:74 [62],,,,Sd,Sd,,,
247:39 [63],m,,Sd,Sd,Sd,,,
249:51 [64],m,m,m,,Sd,Sd,,
250:18 [65],,,,,,,,
251:18 [66],Sd,m,Sd,,,Sd,m,
251:28 [67],,,,,,,m,
251:39 [68],,m,,m,m,,m,
251:46 [69],,m,m,m,m,,m,
256:24 [70],m,,m,,m,Sd,m,
256:37 [71],m,,m,,m,Sd,m,
256:64 [72],m,,m,,m,Sd,m,
264:64 [73],m,Sd,,,,Sd,m,
274:64 [74],Sd,,Sd,,Sd,,,
278:7 [75],Sd,,Sd,Sd,Sd,,m,
283:4 [76],Sd,,,m,m,m,m,
283:24 [77],Sd,,,m,m,m,m,
283:75 [78],Sd,,,m,m,m,m,
284:28 [79],m,m,,m,m,m,m,
284:34 [80],Sd,,,m,m,m,m,
289:43 [81],m,,m,Sd,Sd,,m,
289:46 [82],m,,m,Sd,Sd,,m,
289:64 [83],m,,m,Sd,Sd,,m,
289:73 [84],m,,m,Sd,Sd,,m,
294:44 [85],Sd,,m,,,m,,
297:43 [86],m,m,m,m,m,m,,
317:43 [87],m,,m,,,Sd,m,
332:16 [88],m,m,Sd,m,m,m,Sd,
335:71 [89],m,m,m,,m,Sd,m,
339:63 [90],m,,Sd,m,,m,,
339:70 [91],m,,Sd,m,,m,,
343:72 [92],Sd,Sd,,Sd,m,,m,
350:14 [93],,m,,m,m,,m,
350:23 [94],,,,,,,,
350:66 [95],m,m,m,m,,m,,
352:34 [96],Se,Se,Se,Se,Se,Se,,SIGNEXCESS
352:42 [97],Se,Se,Se,Se,Se,Se,,SIGNEXCESS
353:53 [98],,,,,,,,
353:72 [99],Se,Se,Sd,,,,,EXCESS
357:71 [100],,,,m,,m,,
361:5 [101],m,,m,m,,m,m,
368:23 [102],m,,,m,m,m,m,
368:24 [103],,m,m,m,,m,m,
368:39 [104],,m,m,m,,m,m,
368:54 [105],,m,,m,m,m,m,
368:66 [106],,m,m,m,,m,m,
368:68 [107],,m,m,m,,m,m,
369:16 [108],m,,m,m,,,m,
376:1 [109],m,,m,m,m,m,m,
376:27 [110],m,,m,m,m,m,m,
376:73 [111],m,,m,m,m,m,m,
382:8 [112],,,,,,,m,
382:24 [113],,,,,,,m,
382:58 [114],,,,,,,m,
383:22 [115],m,m,,m,m,m,,
383:67 [116],m,m,,m,m,m,,
386:64 [117],m,,m,m,m,Sd,m,
389:71 [118],m,,m,m,m,m,m,
395:18 [119],m,m,m,m,m,m,,
395:51 [120],,,m,,,,m,
395:59 [121],Sd,Sd,m,,,Sd,,
395:63 [122],Sd,Sd,m,,Sd,Sd,m,
395:71 [123],Sd,Sd,m,,Sd,Sd,m,
399:60 [124],m,,m,Sd,Sd,,m,
408:51 [125],Sd,m,Sd,m,m,m,m,
416:5 [126],m,m,m,Sd,m,m,m,
420:62 [127],Sd,,Sd,m,m,m,,
427:4 [128],m,m,m,m,m,m,,
441:73 [129],Sd,,Sd,m,Sd,m,,
445:51 [130],Sd,m,,,Sd,,,
445:72 [131],Sd,m,,,Sd,,,
448:50 [132],Sd,,Sd,m,Sd,m,m,
460:4 [133],,Sd,,,,,,
460:8 [134],,Sd,,,,,,
460:58 [135],,Sd,,,,,,
460:61 [136],,Sd,,,,,,
487:29 [137],,m,m,,m,m,m,
490:18 [138],Sd,,Sd,Sd,,,,
493:58 [139],Sd,Sd,m,,Sd,Sd,Sd,SIGN
505:31 [140],m,,m,m,m,m,m,
511:58 [141],Sd,,m,,m,m,m,
514:2 [142],Sd,,Sd,,Sd,Sd,,
514:36 [143],Sd,,Sd,,Sd,Sd,,
514:38 [144],Sd,,Sd,,Sd,Sd,,
514:55 [145],Sd,,Sd,,Sd,Sd,,
521:58 [146],m,m,,m,m,m,m,
522:68 [147],m,m,m,m,m,m,,
547:59 [148],,,,Se,,Se,,EXCESS
551:52 [149],,,,,,,,
554:35 [150],Sd,m,m,Sd,,Sd,,
554:38 [151],Sd,m,m,Sd,,Sd,,
560:12 [152],m,,m,m,m,m,,
560:41 [153],m,,m,m,m,m,,
561:10 [154],Sd,,,Sd,Sd,,Sd,
561:32 [155],Sd,,,Sd,Sd,,Sd,
561:36 [156],Sd,,,Sd,Sd,,Sd,
564:34 [157],m,m,Sd,m,m,m,m,
565:32 [158],Sd,,Sd,,Sd,m,,
568:13 [159],m,m,m,,m,Sd,m,
568:14 [160],m,m,m,,m,Sd,m,
568:15 [161],m,m,m,,m,Sd,m,
590:47 [162],m,,,,m,m,Sd,
597:65 [163],Sd,,Sd,m,Sd,m,,
603:46 [164],,,,Se,,,,EXCESS
606:8 [165],Sd,,,Sd,Sd,Sd,Sd,SIGN
615:13 [166],,,,,,,m,
617:40 [167],m,,Sd,m,,m,,
619:71 [168],m,,m,m,m,m,m,
622:30 [169],Se,,,,,,,EXCESS
622:32 [170],Se,,,,,,,EXCESS
636:68 [171],m,,Sd,Sd,,,m,
643:20 [172],m,m,m,,m,,Sd,
643:67 [173],m,m,m,,m,,Sd,
651:50 [174],m,,m,m,m,m,,
661:6 [175],Sd,Sd,,Sd,Sd,Sd,m,SIGN
669:27 [176],Sd,,Sd,,Sd,,Sd,
674:75 [177],m,Sd,Sd,,,,,
675:67 [178],m,,,m,m,m,,
675:75 [179],,,,,,,,
678:44 [180],Sd,,m,,m,m,,
688:18 [181],Sd,,m,m,Sd,,m,
692:12 [182],Sd,,,,Sd,,,
703:56 [183],m,,Sd,,,,,
724:41 [184],Se,,,,,,,EXCESS
727:53 [185],m,,m,,m,m,m,
740:20 [186],Sd,,m,Sd,Sd,,m,
741:70 [187],m,,m,Sd,m,m,m,
749:5 [188],Se,Se,Se,Se,Se,,,SIGNEXCESS
755:52 [189],m,Sd,Sd,m,m,,m,
759:5 [190],,,,m,m,m,m,
768:58 [191],m,,,,Sd,m,Sd,
774:19 [192],Sd,,,,Sd,Sd,,
794:7 [193],Sd,,Sd,,,,,
798:11 [194],Sd,m,m,Sd,,m,m,
798:35 [195],,Se,,Se,Se,,Se,EXCESS
798:39 [196],,Se,,Se,Se,,Se,EXCESS
798:40 [197],,Se,,Se,Se,,Se,EXCESS
799:49 [198],,Sd,Sd,,Sd,,,
826:43 [199],Sd,,,,,,,
830:6 [200],Sd,,Sd,Sd,Sd,Sd,Sd,SIGN
830:9 [201],Sd,,Sd,Sd,Sd,,Sd,SIGN
831:1 [202],Sd,,,Sd,Sd,,,
831:10 [203],Sd,,,Sd,Sd,,,
838:47 [204],Sd,,Sd,Sd,,,,
840:46 [205],m,m,m,m,Sd,,m,
854:31 [206],Sd,,Sd,,Sd,Sd,,
855:59 [207],Sd,,Sd,Sd,Sd,,Sd,SIGN
855:68 [208],Sd,,Sd,Sd,Sd,,Sd,SIGN
856:14 [209],,,,,,,m,
856:16 [210],,,,,,,,
856:23 [211],,,,,,,,
856:40 [212],,,,,,,,
856:41 [213],,,,,,,,
861:23 [214],m,Sd,m,m,m,m,,
861:37 [215],m,Sd,m,m,m,m,,
867:72 [216],Sd,Sd,m,Sd,Sd,,,
881:35 [217],m,,m,,Sd,,m,
888:47 [218],Sd,,m,,m,m,,
889:56 [219],Sd,,,Sd,Sd,Sd,m,
894:30 [220],,m,,,,,m,
894:33 [221],m,,m,m,m,,m,
902:48 [222],m,,m,m,m,m,,
902:73 [223],m,,m,m,m,m,,
912:29 [224],Sd,m,Sd,,m,m,m,
919:3 [225],m,,m,m,m,m,,
919:63 [226],m,,m,m,m,m,,
922:36 [227],,,,,m,m,Sd,
922:40 [228],Sd,,,,m,Sd,m,
924:57 [229],Se,Se,Se,Se,Se,Se,Se,SIGNEXCESS
929:57 [230],Sd,,,Sd,Sd,,Sd,
932:18 [231],Sd,,Sd,,Sd,,Sd,
932:23 [232],Sd,,Sd,,Sd,,Sd,
936:22 [233],Sd,,Sd,Sd,Sd,,,
947:34 [234],Sd,,,,m,m,,
947:41 [235],Sd,,,,m,m,,
953:13 [236],,,m,,m,m,m,
958:20 [237],,,,Sd,,,,
961:24 [238],Se,Se,Se,Se,Se,Se,Se,SIGNEXCESS
961:48 [239],Se,Se,Se,Se,Se,Se,Se,SIGNEXCESS
961:52 [240],Se,Se,Se,Se,Se,Se,Se,SIGNEXCESS
962:5 [241],m,,m,Sd,m,m,,
975:55 [242],m,m,m,,Sd,m,m,
980:27 [243],,,,,,,,
985:60 [244],Sd,Sd,,,,m,,
985:66 [245],Sd,Sd,,,,m,,
988:58 [246],m,m,Sd,m,m,m,m,
993:64 [247],,,,Sd,Sd,,Sd,
1001:60 [248],m,,Sd,m,m,m,m,
1004:39 [249],Sd,m,,Sd,m,m,,
1018:56 [250],Sd,,Sd,Sd,Sd,,Sd,SIGN
1023:58 [251],Sd,,Sd,,,,,
1029:39 [252],Sd,,Sd,Sd,Sd,,,
1029:49 [253],Sd,,Sd,Sd,Sd,,,
1039:21 [254],m,m,m,m,m,m,,
1039:31 [255],m,m,m,m,m,m,,
1044:14 [256],m,,Sd,,Sd,,,
1048:26 [257],m,,m,m,m,,m,
1065:44 [258],Sd,,Sd,Sd,Sd,m,m,
1067:25 [259],Sd,,,Sd,Sd,Sd,Sd,SIGN
1067:52 [260],Sd,,,Sd,Sd,Sd,Sd,SIGN
1073:49 [261],m,m,,m,m,m,,
1074:6 [262],Sd,,,Sd,Sd,Sd,m,
1077:49 [263],Sd,Sd,Sd,Sd,Sd,,Sd,SIGN
1081:31 [264],Sd,,Sd,Sd,Sd,,,
1081:38 [265],Sd,,Sd,Sd,Sd,,,
1086:6 [266],Sd,m,,,Sd,,m,
1086:51 [267],Sd,m,,,Sd,,m,
1093:57 [268],Sd,,,,Sd,Sd,Sd,
1101:6 [269],Sd,,m,,m,,m,
1101:11 [270],Sd,,,m,Sd,m,,
1117:2 [271],m,,m,m,Sd,,,
1117:13 [272],m,,m,m,Sd,,,
1127:69 [273],Sd,,Sd,Sd,Sd,,,
1134:48 [274],Sd,Sd,Sd,,m,Sd,Sd,SIGN
1134:71 [275],m,,,,,m,m,
1144:61 [276],,,,,,m,,
1153:44 [277],m,,m,m,Sd,m,m,
1154:20 [278],Sd,,Sd,Sd,Sd,,Sd,SIGN
1188:41 [279],Sd,,,,m,m,Sd,
1199:22 [280],Sd,m,,,m,m,m,
1200:59 [281],Sd,Sd,Sd,,,Sd,Sd,SIGN
1202:63 [282],m,,Sd,m,m,m,,
1208:42 [283],m,,,Sd,m,m,,
1208:47 [284],m,,,Sd,m,m,,
1208:70 [285],m,,,Sd,m,m,,
1221:26 [286],,,m,,,m,,
1221:49 [287],,,m,,,m,,
1226:41 [288],Sd,,Sd,Sd,Sd,,,
1262:31 [289],Sd,,m,Sd,,,,
1275:46 [290],Se,Se,Se,Se,Se,Se,Se,SIGNEXCESS
1275:71 [291],Se,Se,Se,Se,Se,Se,Se,SIGNEXCESS
1276:25 [292],m,,,,,m,,
1276:47 [293],,,,,,,,
1276:49 [294],,m,m,,m,m,m,
1276:55 [295],,m,m,,m,m,m,
1283:17 [296],Sd,Sd,m,Sd,Sd,Sd,m,SIGN
1287:16 [297],m,m,m,,m,m,m,
1305:7 [298],,,,,,,m,
1317:26 [299],Sd,Sd,Sd,Sd,,Sd,,SIGN
1329:72 [300],Sd,Sd,,Sd,,Sd,Sd,SIGN
1338:2 [301],m,m,m,m,m,,m,
1340:34 [302],Se,Se,Se,Se,Se,Se,Se,SIGNEXCESS
1346:62 [303],,m,m,Sd,m,m,m,
1354:59 [304],Sd,Sd,Sd,Sd,Sd,,,SIGN
1354:66 [305],Sd,Sd,Sd,Sd,Sd,,,SIGN
1356:21 [306],Sd,,m,m,Sd,m,m,
1364:33 [307],,m,,m,,,m,
1367:61 [308],m,,m,,,Sd,,
1376:11 [309],m,m,m,,m,m,m,
1376:18 [310],,,,,,,,
1376:61 [311],m,,,,m,m,m,
1387:11 [312],m,m,Sd,,m,m,m,
1387:22 [313],m,m,Sd,,m,m,m,
1387:63 [314],m,m,Sd,,m,m,m,
1387:64 [315],m,m,Sd,,m,m,m,
1396:49 [316],Sd,,Sd,Sd,Sd,Sd,Sd,SIGN
1397:12 [317],m,m,m,m,m,m,,
1398:33 [318],m,,Sd,Sd,Sd,Sd,m,
1403:5 [319],m,,m,m,m,m,m,
1403:74 [320],m,,m,m,m,m,m,
1406:50 [321],Sd,,,Sd,Sd,Sd,Sd,SIGN
1406:51 [322],Sd,,,Sd,Sd,Sd,Sd,SIGN
1407:5 [323],Sd,,Sd,Sd,Sd,Sd,Sd,SIGN
1412:54 [324],m,,,,,m,m,
1414:10 [325],,,m,,,m,m,
1417:29 [326],m,,m,,m,Sd,,
1417:70 [327],Sd,Sd,Sd,,Sd,,Sd,SIGN
1430:26 [328],m,m,m,m,Sd,m,m,
1435:68 [329],Sd,m,Sd,m,Sd,m,,
1437:5 [330],,m,,,m,m,m,
1449:31 [331],Sd,m,m,m,,m,m,
1460:27 [332],,Se,,,,,,EXCESS
1460:64 [333],,m,,m,m,m,m,
1460:66 [334],,m,,m,m,m,m,
1460:74 [335],,m,,m,m,m,m,
1461:71 [336],m,,m,m,m,m,m,
1481:17 [337],m,Sd,m,m,m,m,m,
1481:19 [338],m,Sd,m,m,m,m,m,
1481:30 [339],Sd,Sd,m,,Sd,,,
1481:40 [340],m,Sd,m,m,m,m,m,
1481:45 [341],m,Sd,m,m,m,m,m,
1481:53 [342],m,Sd,m,m,m,m,m,
1485:23 [343],,m,,,,,,
1485:40 [344],,,,,,,,
1485:43 [345],,,,,,,,
1486:13 [346],Sd,,,,Sd,Sd,Sd,
1486:31 [347],Sd,,,,Sd,Sd,Sd,
1486:72 [348],Sd,,,,Sd,Sd,Sd,
1497:74 [349],m,,m,,m,Sd,m,
1511:56 [350],,Se,,Se,,Se,Se,EXCESS
1511:72 [351],,Se,,Se,,Se,Se,EXCESS
1511:73 [352],,Se,,Se,,Se,Se,EXCESS
1526:37 [353],Sd,,Sd,,Sd,m,,
1542:45 [354],m,,m,Sd,m,Sd,m,
1546:59 [355],Sd,,,,Sd,,m,
1547:33 [356],,,,,m,m,m,
1547:61 [357],Sd,Sd,Sd,Sd,,m,m,
1549:38 [358],m,,Sd,m,m,m,,
1549:61 [359],Sd,Sd,m,m,Sd,,m,
1555:14 [360],m,,m,m,m,m,m,
1564:20 [361],Sd,m,,Sd,m,m,,
1566:13 [362],m,Sd,m,,Sd,,m,
1590:11 [363],,,,m,m,Sd,,
1591:2 [364],Sd,,Sd,,,,,
1591:53 [365],Sd,,,,Sd,Sd,Sd,
1595:66 [366],m,m,m,,m,m,m,
1612:27 [367],Sd,,Sd,,Sd,,Sd,
1612:63 [368],m,,Sd,,Sd,Sd,Sd,
1629:69 [369],Sd,,Sd,,m,Sd,m,
1632:1 [370],,m,,,,,,
1632:37 [371],,m,,,,,,
1632:41 [372],,m,,,,,,
1635:22 [373],Sd,Sd,Sd,,,,,
1646:43 [374],,,,,,,Sd,
1657:56 [375],m,,m,,m,m,m,
1670:71 [376],Sd,,,,Sd,,Sd,
1672:22 [377],Sd,Sd,m,m,Sd,,m,
1677:36 [378],m,,m,Sd,m,m,m,
1677:56 [379],m,,m,Sd,m,m,m,
1684:51 [380],Sd,Sd,Sd,Sd,Sd,,Sd,SIGN
1684:73 [381],Sd,Sd,Sd,Sd,Sd,,Sd,SIGN
1688:73 [382],Sd,Sd,Sd,Sd,Sd,m,Sd,SIGN
1691:35 [383],Sd,,,,Sd,,,
1701:19 [384],Sd,,Sd,Sd,Sd,Sd,,SIGN
1701:59 [385],Sd,,Sd,Sd,Sd,Sd,,SIGN
1708:4 [386],Sd,,,Sd,Sd,Sd,Sd,SIGN
1713:47 [387],Sd,Sd,Sd,,m,m,m,
1718:16 [388],Sd,,Sd,,,,Sd,
1725:25 [389],Sd,,,Sd,,Sd,,
1725:60 [390],Sd,,,Sd,,Sd,,
1727:64 [391],m,,m,,m,,m,
1734:32 [392],Sd,,,Sd,m,m,,
1739:15 [393],,,Sd,m,Sd,m,,
1739:73 [394],,,Sd,m,Sd,m,,
1739:74 [395],,,Sd,m,Sd,m,,
1743:12 [396],m,,m,m,m,m,m,
1743:52 [397],m,,m,m,m,m,m,
1744:22 [398],m,m,m,m,m,,m,
1747:8 [399],m,,m,,Sd,,m,
1747:13 [400],m,,m,,Sd,,m,
1762:61 [401],Se,Se,Se,Se,Se,Se,Se,SIGNEXCESS
1765:56 [402],,,,,Sd,,m,
1768:36 [403],m,,,Sd,m,,,
1772:15 [404],,m,,,m,,m,
1772:26 [405],m,,m,m,,,,
1772:33 [406],,m,,,,,,
1772:35 [407],,m,,,,,,
1772:54 [408],m,,m,m,m,m,m,
1772:70 [409],,,m,m,m,m,m,
1774:4 [410],Sd,,,Sd,,,Sd,
1774:43 [411],Sd,,,Sd,,,Sd,
1776:39 [412],,,m,m,m,m,m,
1776:42 [413],,,,,,,,
1782:26 [414],,,,,,,,
1782:47 [415],,,,Se,Se,,,EXCESS
1784:10 [416],Sd,,,Sd,m,m,,
1784:56 [417],Sd,,,Sd,m,m,,
1787:32 [418],Sd,,m,,m,m,,
1787:34 [419],Sd,,m,,m,m,,
1787:35 [420],Sd,,m,,m,m,,
1787:55 [421],m,m,Sd,Sd,m,m,m,
1795:16 [422],Sd,,Sd,Sd,Sd,,Sd,SIGN
1795:43 [423],Sd,,,Sd,Sd,,Sd,
1803:40 [424],Sd,m,,m,m,m,,
1805:11 [425],Sd,Sd,,,Sd,,m,
1805:27 [426],Sd,Sd,,,Sd,,m,
1805:31 [427],Sd,Sd,,,Sd,,m,
1805:48 [428],Sd,Sd,,,Sd,,m,
1812:8 [429],Sd,,,Sd,Sd,,Sd,
1813:57 [430],m,,m,m,m,m,m,
1821:22 [431],m,,m,m,Sd,Sd,Sd,
1821:43 [432],m,,m,m,Sd,Sd,Sd,
1821:67 [433],m,,m,m,Sd,Sd,Sd,
1831:58 [434],Sd,,Sd,Sd,,Sd,,
1846:35 [435],Sd,,,,,,,
1851:1 [436],Sd,,,,Sd,Sd,,
1851:19 [437],Sd,,,,Sd,Sd,,
1855:11 [438],m,,m,m,m,m,m,
1868:59 [439],Sd,m,Sd,,m,Sd,Sd,
1871:54 [440],m,,,,,,m,
1871:55 [441],Se,,,,,,,EXCESS
1871:57 [442],m,,,,,,m,
1871:61 [443],Se,,,,,,,EXCESS
1871:64 [444],Se,,,,,,,EXCESS
1883:15 [445],Sd,,Sd,,,Sd,Sd,
1883:19 [446],Sd,,Sd,,,Sd,Sd,
1898:66 [447],Sd,,Sd,Sd,Sd,,Sd,SIGN
1909:44 [448],Sd,,Sd,m,Sd,,,
1909:59 [449],Sd,,Sd,m,Sd,,,
1923:38 [450],Sd,,,Sd,Sd,Sd,Sd,SIGN
1928:72 [451],,m,m,m,m,,m,
1944:56 [452],m,m,m,,,m,m,
1948:10 [453],Se,Se,Se,Se,Se,,Se,SIGNEXCESS
1948:61 [454],,,,,,,,
1949:24 [455],Sd,,Sd,Sd,Sd,,Sd,SIGN
1952:41 [456],m,m,m,m,Sd,,m,
1952:56 [457],m,m,m,m,Sd,,m,
1954:42 [458],Se,,Se,Se,Se,Se,Se,SIGNEXCESS
1954:70 [459],Se,,Se,Se,Se,Se,Se,SIGNEXCESS
1957:18 [460],Sd,,Sd,Sd,,Sd,Sd,SIGN
1960:12 [461],m,,m,,m,m,m,
1960:13 [462],,,,,,,,
1960:58 [463],,,,m,,m,m,
1960:65 [464],,m,m,,,m,m,
1960:70 [465],,,,,m,,m,
1962:57 [466],m,m,,Sd,Sd,,m,
1984:10 [467],Sd,,Sd,m,m,m,,
1984:40 [468],Sd,,Sd,m,m,m,,
1984:57 [469],Sd,,Sd,m,m,m,,
1992:7 [470],Se,Se,Se,Se,,Se,Se,SIGNEXCESS
1992:20 [471],Se,Se,Se,Se,,Se,Se,SIGNEXCESS
1992:64 [472],Se,Se,Se,Se,,Se,Se,SIGNEXCESS
1995:14 [473],Sd,,Sd,Sd,Sd,Sd,,SIGN
1995:18 [474],Se,,,,Se,Se,,EXCESS
1995:73 [475],Se,,,,Se,Se,,EXCESS
1997:14 [476],Sd,,Sd,Sd,,Sd,Sd,SIGN
2009:65 [477],Sd,Sd,Sd,,,m,,
2021:53 [478],Sd,,Sd,Sd,Sd,,,
2021:75 [479],Sd,,Sd,Sd,Sd,,,
2026:73 [480],Sd,Sd,m,Sd,,Sd,,
2031:52 [481],Sd,,Sd,Sd,,,m,
2035:38 [482],m,,m,m,m,m,m,
2035:40 [483],m,,m,m,m,m,m,
2035:52 [484],m,,m,m,m,m,m,
2048:4 [485],,m,m,,,m,m,
2048:15 [486],,,,,,,,
2048:18 [487],,,,,,,,
2048:28 [488],m,,,m,,m,m,
2053:73 [489],Sd,,,Sd,Sd,,,
2071:5 [490],Sd,,Sd,Sd,Sd,Sd,,SIGN
2071:69 [491],Sd,,Sd,Sd,Sd,Sd,,SIGN
2072:37 [492],m,,m,Sd,m,,m,
2087:66 [493],Se,,,,,,,EXCESS
2095:32 [494],Sd,m,m,m,m,m,m,
2100:2 [495],m,,,m,m,m,,
2100:4 [496],m,,m,m,m,m,,
2101:12 [497],Sd,,,Sd,Sd,,,
2101:36 [498],Sd,,,Sd,Sd,,,
2105:73 [499],m,,m,m,Sd,,Sd,
2106:32 [500],Sd,m,Sd,Sd,,,,
2115:9 [501],Sd,,Sd,,m,,Sd,
2116:5 [502],Se,Se,Se,Se,Se,Se,Se,SIGNEXCESS
2116:8 [503],Se,Se,Se,Se,Se,Se,Se,SIGNEXCESS
2123:11 [504],Sd,,Sd,Sd,Sd,,,
2123:28 [505],Sd,,Sd,Sd,Sd,,,
2128:55 [506],m,m,,m,m,,m,
2130:40 [507],m,,Sd,Sd,Sd,,m,
2137:40 [508],m,,,,,m,m,
2137:67 [509],m,m,m,m,m,m,,
2143:73 [510],,,,Sd,,,,
2145:4 [511],m,,m,m,m,m,m,
2146:44 [512],m,Sd,Sd,m,m,m,m,
2156:64 [513],m,,m,m,m,m,m,
2163:17 [514],,,,m,m,m,m,
2165:6 [515],m,,m,m,m,m,m,
2167:62 [516],Sd,,Sd,Sd,Sd,Sd,,SIGN
2167:72 [517],Sd,,Sd,Sd,Sd,Sd,,SIGN
2171:33 [518],Sd,,Sd,m,,Sd,,
2172:13 [519],Se,,Se,Se,Se,Se,Se,SIGNEXCESS
2172:54 [520],,,,,,,,
2173:75 [521],Sd,Sd,m,m,Sd,Sd,,
2178:41 [522],,,,,m,m,,
2179:9 [523],,,,,,,Se,EXCESS
2179:14 [524],,,,,,,Se,EXCESS
2188:20 [525],,Se,,Se,,,,EXCESS
2205:31 [526],m,,,m,m,m,m,
2206:2 [527],Sd,,,Sd,Sd,Sd,m,
2207:48 [528],Se,Se,,Se,,Se,,EXCESS
2207:52 [529],,,,,,,,
2207:72 [530],Se,Se,,Se,,Se,,EXCESS
2212:52 [531],,m,,Sd,Sd,m,,
2221:25 [532],m,,Sd,,Sd,m,m,
2222:57 [533],Sd,Sd,,,m,m,m,
2230:38 [534],m,,Sd,,Sd,Sd,,
2230:41 [535],m,,Sd,,Sd,Sd,,
2238:15 [536],Sd,,Sd,Sd,Sd,,,
2242:30 [537],,m,m,Sd,m,m,Sd,
2242:63 [538],Sd,Sd,m,Sd,,,,
2250:62 [539],Sd,,m,Sd,,Sd,,
2257:1 [540],Sd,,Sd,,,,m,
2257:32 [541],Sd,,Sd,m,m,m,m,
2263:36 [542],Sd,,,Sd,Sd,,Sd,
2271:16 [543],Se,Se,Se,Se,,Se,,SIGNEXCESS
2271:50 [544],m,m,,,,,m,
2277:50 [545],Sd,m,,m,m,m,Sd,
2282:18 [546],m,m,,m,,m,m,
2283:23 [547],m,m,m,,m,,Sd,
2289:60 [548],Se,,,,,,,EXCESS
2295:67 [549],m,,m,m,Sd,,m,
2320:20 [550],Sd,m,m,Sd,,,m,
2321:44 [551],m,,m,Sd,Sd,,Sd,
2327:57 [552],m,m,Sd,m,m,m,m,
2333:44 [553],m,,m,m,Sd,m,m,
2335:38 [554],m,,m,m,m,m,m,
2349:28 [555],Sd,,Sd,Sd,,,Sd,
2358:22 [556],,m,,,m,,,
2358:30 [557],m,,,m,m,m,,
2358:59 [558],,,m,,,,m,
2372:66 [559],,m,,m,m,m,m,
2373:10 [560],,m,,,,,,
2373:51 [561],,m,,Sd,,,,
2385:19 [562],m,Sd,m,m,m,m,Sd,
2385:20 [563],m,Sd,m,m,m,m,Sd,
2386:55 [564],Sd,m,,Sd,Sd,Sd,m,
2392:1 [565],m,,m,m,m,m,m,
2392:24 [566],m,,m,m,m,m,m,
2396:55 [567],Sd,Sd,Sd,Sd,Sd,Sd,Sd,SIGN
2397:68 [568],Sd,,,Sd,Sd,Sd,,
2402:28 [569],m,m,m,Sd,,Sd,m,
2413:59 [570],m,m,m,,,,,
2415:1 [571],m,,m,m,m,m,m,
2415:2 [572],m,,m,m,m,m,m,
2415:4 [573],m,,m,m,m,m,m,
2415:61 [574],m,,m,m,m,m,m,
2417:2 [575],Sd,m,Sd,Sd,m,m,Sd,
2417:6 [576],Sd,m,Sd,Sd,m,m,Sd,
2417:34 [577],Sd,m,Sd,Sd,m,m,Sd,
2417:47 [578],Sd,m,Sd,Sd,m,m,Sd,
2423:23 [579],m,,m,Sd,m,m,m,
2427:66 [580],m,m,m,,Sd,,m,
2429:32 [581],Sd,,Sd,,Sd,,,
2431:13 [582],,,,,,,,
2431:33 [583],,,,,,,,
2431:56 [584],m,,m,,,m,m,
2436:13 [585],Sd,,Sd,,Sd,,,
2436:39 [586],Sd,,Sd,,Sd,,,
2444:50 [587],Sd,m,Sd,,m,m,Sd,
2448:9 [588],,,,,,Se,,EXCESS
2448:24 [589],,,,,,Se,,EXCESS
2448:53 [590],,,,,,Se,,EXCESS
2448:55 [591],,,,,,Se,,EXCESS
2450:63 [592],Sd,,Sd,,Sd,Sd,,
2452:33 [593],m,m,,,m,m,m,
2452:38 [594],m,m,,,m,m,m,
2452:53 [595],m,m,,m,m,m,m,
2457:58 [596],Sd,,,Sd,m,m,Sd,
2477:52 [597],Sd,,Sd,,Sd,Sd,,
2483:3 [598],Se,Se,Se,Se,,Se,Se,SIGNEXCESS
2483:54 [599],Se,Se,Se,Se,,Se,Se,SIGNEXCESS
2507:11 [600],,,,,,,,
2507:32 [601],,,,,,,,
2510:33 [602],m,m,m,Sd,,Sd,,
2529:75 [603],Sd,,Sd,,Sd,,Sd,
2530:62 [604],,m,m,m,m,m,,
2530:63 [605],,m,m,m,m,m,,
2530:71 [606],,m,m,m,m,m,,
2532:60 [607],,m,,,m,,,
2536:25 [608],Sd,Sd,Sd,,,Sd,,
2539:15 [609],Sd,,Sd,Sd,Sd,,,
2539:54 [610],Sd,,Sd,m,m,m,,
2539:65 [611],Sd,,Sd,Sd,Sd,,Sd,SIGN
2550:51 [612],m,,Sd,m,m,m,m,
2550:53 [613],Sd,Sd,Sd,,Sd,Sd,m,SIGN
2562:18 [614],m,Sd,,,,,Sd,
2564:55 [615],m,,m,m,m,,m,
2564:74 [616],m,,m,m,m,,m,
2569:40 [617],m,m,Sd,Sd,Sd,Sd,Sd,SIGN
2576:55 [618],Sd,m,m,m,Sd,,Sd,
2578:7 [619],,,,,,,,
2578:70 [620],,,,,,,,
2579:7 [621],Sd,m,m,Sd,Sd,,m,
2590:39 [622],Sd,,Sd,Sd,,Sd,,
2590:45 [623],Sd,,Sd,Sd,Sd,,,
2592:12 [624],Sd,,Sd,Sd,Sd,,Sd,SIGN
2598:16 [625],Se,Se,Se,,,,Se,EXCESS
2601:37 [626],,,,,,,,
2601:46 [627],,,,,,,m,
2601:48 [628],,,,m,,m,m,
2607:5 [629],m,,m,,Sd,m,m,
2608:40 [630],m,,m,Sd,Sd,,,
2611:18 [631],Sd,,Sd,,Sd,,Sd,
2611:51 [632],Sd,,Sd,,Sd,,Sd,
2613:14 [633],Sd,,Sd,Sd,,,,
2613:24 [634],Sd,,Sd,Sd,,,,
2616:68 [635],m,,m,m,Sd,m,m,
2619:59 [636],Sd,,,,,,,
2628:10 [637],Sd,,,Sd,Sd,,Sd,
2628:17 [638],Sd,,,Sd,Sd,,Sd,
2628:40 [639],Sd,,,Sd,Sd,,Sd,
2629:21 [640],Sd,Sd,Sd,Sd,Sd,,,SIGN
2629:72 [641],Sd,Sd,Sd,Sd,Sd,,,SIGN
2633:1 [642],Sd,,Sd,Sd,Sd,,Sd,SIGN
2634:28 [643],,,,,,,,
2635:21 [644],m,Sd,Sd,Sd,Sd,Sd,,SIGN
2635:36 [645],m,,m,,,,m,
2635:47 [646],m,,Sd,,,,,
2635:59 [647],m,,Sd,,,,,
2636:39 [648],m,,Sd,Sd,Sd,Sd,Sd,SIGN
2650:56 [649],Sd,,,,,,Sd,
2655:22 [650],Sd,,Sd,,Sd,Sd,,
2656:6 [651],Sd,,Sd,Sd,Sd,,m,
2660:49 [652],m,,m,m,m,Sd,m,
2662:27 [653],Sd,m,Sd,,m,,Sd,
2687:41 [654],,,,,,,,
2689:22 [655],m,,,Sd,m,m,Sd,
2689:39 [656],Sd,,,Sd,Sd,,m,
2689:41 [657],Sd,,,Sd,Sd,,m,
2689:56 [658],Sd,,,Sd,Sd,,m,
2690:11 [659],m,m,m,,,m,m,
2695:48 [660],m,,m,,,,m,
2695:57 [661],m,,m,,,,m,
2714:32 [662],m,,m,,Sd,Sd,m,
2725:50 [663],m,m,m,m,m,Sd,m,
2742:5 [664],m,,m,m,,,m,
2742:33 [665],m,,m,,m,m,,
2751:17 [666],m,m,m,m,m,Sd,m,
2751:20 [667],,,m,m,m,Sd,m,
2751:21 [668],,,m,m,m,Sd,m,
2757:62 [669],m,,Sd,Sd,Sd,,,
2757:63 [670],m,,Sd,Sd,Sd,,,
2760:4 [671],,,,,,,,
2760:7 [672],,,,,,,,
2760:22 [673],,,,,,,,
2768:9 [674],,Se,Se,Se,Se,Se,,SIGNEXCESS
2768:24 [675],,Se,Se,Se,Se,Se,,SIGNEXCESS
2776:42 [676],m,,,,,,m,
2779:40 [677],Se,,Se,Se,,Se,,EXCESS
2793:30 [678],Sd,,Sd,,,,Sd,
2793:65 [679],Sd,,Sd,,,,Sd,
2799:2 [680],m,m,,m,,,,
2799:21 [681],,,m,m,m,,m,
2799:41 [682],,,m,m,,m,,
2799:47 [683],m,m,,m,,,,
2800:51 [684],Sd,,Sd,,,,,
2805:12 [685],,,m,,Sd,,m,
2805:51 [686],,,m,,Sd,,m,
2821:42 [687],,,,,,,,
2823:66 [688],,m,m,,m,m,m,
2837:46 [689],m,m,Sd,m,m,Sd,m,
2838:26 [690],Se,,,,,,Se,EXCESS
2840:48 [691],m,,m,m,m,m,m,
2846:22 [692],,,,,,,,
2850:52 [693],Sd,Sd,,m,Sd,,,
2853:28 [694],Sd,,Sd,Sd,Sd,m,,
2853:53 [695],Sd,,Sd,Sd,Sd,m,,
2854:48 [696],Sd,Sd,Sd,Sd,Sd,Sd,m,SIGN
2854:61 [697],Sd,Sd,Sd,Sd,Sd,Sd,m,SIGN
2873:56 [698],m,m,m,,Sd,,Sd,
2875:14 [699],Sd,m,m,Sd,Sd,Sd,,
2875:26 [700],Se,,Se,,,,,EXCESS
2875:34 [701],Se,,Se,,,,,EXCESS
2875:36 [702],Se,,Se,,,,,EXCESS
2875:40 [703],Se,,Se,Se,Sd,Sd,Se,SIGNEXCESS
2876:8 [704],Sd,m,m,Sd,Sd,,,
2876:17 [705],Sd,m,m,Sd,Sd,,,
2876:28 [706],Sd,m,m,Sd,Sd,,,
2876:30 [707],Sd,m,m,Sd,Sd,,,
2879:16 [708],,,Sd,Sd,Sd,,Sd,
2879:46 [709],,,Sd,Sd,Sd,,Sd,
2882:57 [710],m,m,m,m,m,,m,
2901:58 [711],m,Sd,m,m,m,m,m,
2901:62 [712],m,Sd,m,m,m,m,m,
2903:21 [713],Sd,,Sd,Sd,Sd,,,
2905:5 [714],,,,Sd,Sd,,Sd,
2910:38 [715],Sd,,Sd,Sd,Sd,,,
2910:69 [716],Sd,,Sd,Sd,Sd,,,
2913:39 [717],,,Se,Se,,Se,,EXCESS
2914:58 [718],,,,,,,,
2927:16 [719],Sd,m,m,m,,m,m,
2930:9 [720],,,,,Sd,,Sd,
2934:26 [721],m,Sd,m,Sd,Sd,m,m,
2935:25 [722],,m,m,m,m,,m,
2935:26 [723],,,m,,m,m,m,
2935:29 [724],,m,,m,m,m,m,
2935:69 [725],m,m,m,m,,,m,
2946:33 [726],m,,m,,Sd,,m,
2947:32 [727],m,Sd,m,m,m,m,,
2951:42 [728],Sd,Sd,Sd,Sd,Sd,Sd,Sd,SIGN
2951:59 [729],Sd,m,m,m,m,m,Sd,
2956:10 [730],Sd,,Sd,Sd,Sd,Sd,,SIGN
2963:17 [731],m,,,Sd,m,m,,
2964:25 [732],Se,,Se,Se,Se,Se,Se,SIGNEXCESS
2964:45 [733],Se,,Se,Se,Se,Se,Se,SIGNEXCESS
2966:22 [734],,Se,,,,,,EXCESS
2966:75 [735],Sd,,Sd,Sd,Sd,,Sd,SIGN
2967:57 [736],Sd,Sd,Sd,,Sd,Sd,,SIGN
2967:61 [737],Sd,Sd,Sd,,Sd,Sd,,SIGN
2968:17 [738],,,,,,,,
2968:33 [739],,,m,,,m,,
2968:57 [740],,,m,,,m,,
2968:58 [741],,,,,,,,
2968:64 [742],,,,,,,,
2968:72 [743],,,m,,,m,,
2973:2 [744],Sd,Sd,m,Sd,Sd,Sd,m,SIGN
2973:11 [745],Sd,Sd,m,Sd,Sd,Sd,m,SIGN
2974:62 [746],Sd,,,,,Sd,,
2976:1 [747],,,m,m,,,m,
2976:41 [748],Sd,,m,m,Sd,,m,
2976:59 [749],m,,m,m,m,,m,
2976:60 [750],m,,m,m,m,,m,
2984:25 [751],m,Sd,m,,m,,m,
2986:4 [752],Sd,,Sd,Sd,,,Sd,
2993:29 [753],Sd,m,,m,m,m,m,
2998:71 [754],m,Sd,m,m,m,m,m,
2998:72 [755],m,,m,m,m,m,,
3004:30 [756],Sd,,m,Sd,,,,
3004:55 [757],Sd,,m,Sd,,,,
3020:20 [758],Sd,,Sd,,Sd,Sd,Sd,SIGN
3020:31 [759],Sd,,Sd,,Sd,Sd,Sd,SIGN
3024:40 [760],m,Sd,m,,,m,m,
3033:6 [761],m,,m,m,m,m,m,
3039:10 [762],m,Sd,Sd,m,m,m,m,
3041:58 [763],m,m,m,,m,m,,
3044:64 [764],m,m,m,,m,m,m,
3053:69 [765],Se,Se,Se,Se,Se,Se,Se,SIGNEXCESS
3056:6 [766],Sd,,m,,m,m,m,
3056:7 [767],Sd,m,,m,m,m,m,
3056:58 [768],Sd,,m,,m,m,m,
3057:69 [769],m,,m,Sd,m,,m,
3062:40 [770],m,,m,Sd,,m,,
3068:39 [771],,,,Sd,,,m,
3068:44 [772],,,,Sd,,,m,
3068:69 [773],,,,Sd,,,m,
3069:64 [774],Sd,m,Sd,m,Sd,m,,
3075:72 [775],m,,m,m,m,m,m,
3085:43 [776],,m,,,m,,Sd,
3086:49 [777],,,,,,,,
3086:55 [778],,,,,,,,
3086:64 [779],,,,,,,,
3087:21 [780],m,m,,m,,m,m,
3087:31 [781],m,m,,m,,m,m,
3087:59 [782],m,m,,m,,m,m,
3098:68 [783],m,,m,Sd,,,m,
3102:28 [784],m,m,Sd,m,m,m,m,
3107:26 [785],m,Sd,Sd,,m,m,m,
3107:51 [786],Sd,,Sd,,m,m,,
3107:56 [787],Sd,,Sd,,m,m,,
3107:67 [788],Sd,,m,m,m,m,,
3111:2 [789],,,,m,,m,,
3111:51 [790],,,,m,,m,,
3111:56 [791],,,,m,,m,,
3111:73 [792],,,,m,,m,,
3115:38 [793],Sd,m,,Sd,m,m,m,
3118:54 [794],Sd,,Sd,Sd,Sd,Sd,,SIGN
3120:64 [795],Sd,,m,m,m,m,m,
3122:28 [796],,,Sd,Sd,Sd,,,
3124:50 [797],Sd,,m,,Sd,m,,
3144:38 [798],m,Sd,,,m,,m,
3144:69 [799],m,Sd,,,m,,m,
3146:61 [800],Sd,,Sd,,Sd,Sd,,
3147:5 [801],,m,,m,,,,
3147:41 [802],,m,,,,,,
3150:43 [803],,,Sd,,Sd,Sd,,
3150:52 [804],,,Sd,,Sd,Sd,,
3153:12 [805],m,m,m,,Sd,m,m,
3154:8 [806],Sd,,Sd,,,m,,
3160:36 [807],,,Se,Se,,Se,Se,EXCESS
3160:56 [808],,,Se,Se,,Se,Se,EXCESS
3168:60 [809],Sd,,Sd,,Sd,,,
3174:17 [810],,,Sd,Sd,m,,,
3174:57 [811],,,Sd,Sd,m,,,
3180:62 [812],Sd,,Sd,Sd,Sd,,,
3180:63 [813],Sd,,Sd,Sd,Sd,,,
3181:35 [814],Sd,,,Sd,m,m,,
3181:37 [815],Sd,,Sd,,,Sd,,
3181:40 [816],Sd,,,Sd,m,m,,
3186:23 [817],Se,,Se,Se,Se,Se,Se,SIGNEXCESS
3191:64 [818],,,Sd,,Sd,,,
3205:46 [819],m,m,Sd,m,m,,m,
3209:26 [820],Sd,,,Sd,Sd,,,
3217:48 [821],,,,,m,m,m,
3217:57 [822],,,,,m,m,m,
3227:3 [823],m,Sd,m,,m,,m,
3238:21 [824],Sd,,Sd,,,m,,
3238:22 [825],Sd,,Sd,,,m,,
3238:35 [826],,m,,,,m,m,
3240:56 [827],Sd,Sd,Sd,Sd,Sd,,,SIGN
3241:52 [828],,,,Se,,Se,,EXCESS
3241:69 [829],,,,Se,,Se,,EXCESS
3253:54 [830],m,,m,m,m,m,Sd,
3254:69 [831],Sd,,Sd,m,Sd,m,,
3257:29 [832],Sd,Sd,Sd,m,Sd,m,Sd,SIGN
3259:4 [833],,,Sd,,Sd,,Sd,
3259:15 [834],,,Sd,,Sd,,Sd,
3263:21 [835],m,,,m,m,,,
3263:36 [836],,,,Se,,,,EXCESS
3263:70 [837],m,,,m,m,,,
3264:10 [838],,,,,,,,
3264:23 [839],,,,,,,,
3264:32 [840],,,,,,,,
3264:43 [841],,,,,,,,
3264:62 [842],,,,,,,,
3265:63 [843],Sd,,Sd,Sd,Sd,,m,
3265:66 [844],Sd,,Sd,Sd,Sd,,m,
3266:25 [845],Sd,m,Sd,Sd,Sd,Sd,m,SIGN
3266:49 [846],Sd,m,Sd,Sd,Sd,Sd,m,SIGN
3266:61 [847],Sd,m,Sd,Sd,Sd,Sd,m,SIGN
3266:68 [848],Sd,m,Sd,Sd,Sd,Sd,m,SIGN
3267:18 [849],Se,Se,,Se,Se,,Se,SIGNEXCESS
3267:19 [850],m,m,m,m,m,m,,
3268:21 [851],Sd,,,,,,,
3268:37 [852],Sd,,,,,,,
3272:10 [853],Sd,,Sd,Sd,,Sd,,
3272:33 [854],Sd,,Sd,Sd,,Sd,Sd,SIGN
3273:9 [855],Sd,m,m,,m,m,m,
3273:17 [856],Sd,m,m,,m,m,m,
3275:33 [857],Sd,,Sd,,Sd,m,Sd,
3279:23 [858],Sd,m,m,m,Sd,,m,
3289:71 [859],Sd,,m,Sd,m,,m,
3296:11 [860],m,m,m,Sd,m,,m,
3301:8 [861],m,Sd,m,Sd,m,,m,
3301:27 [862],m,Sd,m,Sd,m,,m,
3312:24 [863],m,,m,m,Sd,,,
3312:73 [864],m,,m,m,Sd,,,
3316:52 [865],,,,,,,,
3317:58 [866],Sd,,Sd,m,Sd,Sd,,
3321:2 [867],m,,m,m,m,,m,
3321:6 [868],m,,m,m,m,,m,
3321:25 [869],m,,m,m,m,,m,
3321:48 [870],m,,m,m,m,,m,
3334:35 [871],,,,,,,,
3338:50 [872],Se,,,Se,,,,EXCESS
3338:64 [873],Se,,,Se,,,,EXCESS
3338:66 [874],Se,,,Se,,,,EXCESS
3346:2 [875],m,,m,m,m,Sd,m,
3351:41 [876],Sd,m,,,Sd,m,,
3362:20 [877],Sd,,Sd,Sd,Sd,,,
3365:22 [878],Sd,Sd,Sd,Sd,Sd,Sd,Sd,SIGN
3368:5 [879],,,m,,,,,
3368:17 [880],,,m,,,,,
3368:30 [881],,,m,,,,,
3368:50 [882],,,m,,,,,
3368:51 [883],,,m,,,,,
3384:72 [884],m,,Sd,m,,m,Sd,
3397:11 [885],,Sd,m,m,m,m,m,
3399:6 [886],,,,,,,,
3399:13 [887],,,Sd,,,m,,
3399:62 [888],,,,,,,,
3400:47 [889],m,Sd,,,Sd,Sd,,
3405:51 [890],m,,m,m,m,m,m,
3406:12 [891],Se,Se,Se,,Se,Se,,SIGNEXCESS
3406:39 [892],,Sd,m,Sd,m,,,
3406:59 [893],,m,m,,m,,m,
3406:62 [894],,m,m,,m,,m,
3406:66 [895],,m,m,,m,,m,
3411:20 [896],m,,,,m,m,,
3415:39 [897],Sd,Sd,,Sd,,Sd,,
3433:2 [898],Sd,,,Sd,,,,
3440:33 [899],Sd,,Sd,Sd,Sd,,,
3440:39 [900],Sd,,Sd,Sd,Sd,,,
3440:40 [901],Sd,,Sd,Sd,Sd,,,
3444:18 [902],m,m,m,,m,m,,
3444:30 [903],,,,,,,,
3444:61 [904],m,,,,,m,m,
3447:57 [905],Sd,,,m,m,m,,
3453:49 [906],m,,m,Sd,m,m,m,
3453:55 [907],Sd,m,m,,Sd,,,
3453:65 [908],m,,m,Sd,m,m,m,
3457:58 [909],Sd,Sd,Sd,,Sd,Sd,,SIGN
3467:2 [910],m,,m,m,m,m,m,
3482:27 [911],m,m,m,Sd,Sd,,m,
3485:6 [912],,,Sd,,Sd,,Sd,
3485:71 [913],,,Sd,,Sd,,Sd,
3487:63 [914],Sd,Sd,Sd,Sd,Sd,Sd,Sd,SIGN
3492:9 [915],,,Se,,Se,Se,,EXCESS
3492:27 [916],Sd,m,m,,,m,m,
3492:63 [917],,,Se,,Se,Se,,EXCESS
3498:24 [918],Sd,,Sd,Sd,Sd,,,
3509:35 [919],Se,,Se,,Se,,Se,EXCESS
3521:15 [920],m,,,m,,,m,
3522:75 [921],m,,m,m,m,,m,
3523:52 [922],m,,m,Sd,Sd,,m,
3524:59 [923],Sd,,Sd,Sd,Sd,,,
3524:75 [924],Sd,,Sd,Sd,Sd,,,
3527:51 [925],m,,m,m,m,m,m,
3533:66 [926],,,m,,,,,
3540:52 [927],m,,m,m,m,m,m,
3543:29 [928],Sd,,Sd,Sd,Sd,,Sd,SIGN
3550:52 [929],Sd,,Sd,Sd,Sd,,,
3556:10 [930],m,,m,m,m,m,m,
3556:26 [931],m,,m,m,m,,m,
3556:42 [932],m,,m,m,m,,m,
3556:69 [933],m,,m,m,m,m,m,
3570:44 [934],Se,Se,Se,Se,Se,Se,Se,SIGNEXCESS
3576:17 [935],m,,m,m,m,m,m,
3576:40 [936],m,,m,m,m,m,m,
3576:47 [937],m,,m,m,m,m,m,
3591:52 [938],Sd,,Sd,,Sd,,Sd,
3592:5 [939],,Se,,,,,Se,EXCESS
3592:42 [940],,Se,,,,,Se,EXCESS
3594:5 [941],Sd,,,,Sd,Sd,Sd,
3597:35 [942],Sd,,Sd,Sd,,,Sd,
3597:69 [943],Sd,,Sd,Sd,,,Sd,
3597:70 [944],Sd,,Sd,Sd,,,Sd,
3598:65 [945],m,,m,Sd,Sd,m,m,
3599:57 [946],Sd,m,m,m,m,,m,
3599:58 [947],Sd,m,m,m,m,,m,
3600:26 [948],Sd,,Sd,Sd,Sd,,,
3600:57 [949],Sd,,Sd,Sd,Sd,Sd,,SIGN
3602:42 [950],m,,m,,Sd,Sd,,
3606:67 [951],m,m,m,Sd,m,,m,
3616:5 [952],m,m,m,,,,m,
3626:47 [953],Sd,,,,Sd,Sd,,
3629:74 [954],m,,m,,m,m,m,
3641:41 [955],Sd,,Sd,Sd,Sd,,,
3641:57 [956],Sd,,Sd,Sd,Sd,,,
3646:16 [957],,,,,,,,
3646:66 [958],,,,,Sd,,,
3656:23 [959],,Se,,,,,,EXCESS
3656:25 [960],,Se,,,,,,EXCESS
3666:24 [961],,,m,m,m,m,m,
3673:38 [962],m,m,m,,,m,m,
3673:51 [963],m,m,m,,,m,m,
3685:9 [964],Sd,,Sd,Sd,Sd,Sd,,SIGN
3694:2 [965],,m,,m,m,m,,
3695:67 [966],Sd,,Sd,Sd,,,,
3698:6 [967],Sd,,Sd,,Sd,Sd,,
3701:5 [968],,,,,,,,
3720:8 [969],Sd,,Sd,,,Sd,,
3735:7 [970],m,Sd,m,,Sd,Sd,,
3736:6 [971],Sd,,,,Sd,Sd,Sd,
3736:9 [972],Sd,,,,Sd,Sd,Sd,
3736:29 [973],Sd,,,,Sd,Sd,Sd,
3743:17 [974],Se,,,,,,,EXCESS
3743:39 [975],Se,,,,,,,EXCESS
3743:75 [976],Se,,,,,,Se,EXCESS
3748:46 [977],m,,,Sd,,m,m,
3769:72 [978],Sd,,Sd,Sd,Sd,,,
3770:39 [979],,Se,,,Se,Se,Se,EXCESS
3770:40 [980],,Se,,,Se,Se,Se,EXCESS
3770:58 [981],,Se,,,Se,Se,Se,EXCESS
3771:31 [982],m,,m,,m,,,
3771:60 [983],,m,,,,,m,
3777:6 [984],,m,m,m,m,m,,
3777:18 [985],m,m,m,m,,m,,
3777:21 [986],m,m,,,,m,m,
3786:60 [987],m,,m,m,m,m,m,
3787:4 [988],,,,,,m,,
3787:54 [989],m,,,,,,,
3787:56 [990],,,,,,m,,
3790:45 [991],Se,Se,Se,Se,Se,Se,Se,SIGNEXCESS
3792:11 [992],m,,m,m,m,m,m,
3794:58 [993],,,,,,,,
3794:75 [994],,,,,,,,
3799:4 [995],Sd,,,,,,,
3799:9 [996],Sd,,,,,,,
3799:40 [997],Sd,,Sd,Sd,Sd,,,
3801:30 [998],m,,,m,m,m,,
3819:24 [999],Sd,,,,Sd,,,
3836:7 [1000],Sd,,Sd,,m,Sd,m,
3836:68 [1001],Sd,,Sd,,m,Sd,m,
3836:69 [1002],Sd,,Sd,,m,Sd,m,
3837:57 [1003],Sd,m,m,m,,m,m,
3838:75 [1004],Sd,Sd,m,Sd,,,,
3840:15 [1005],,,,,,,,
3840:49 [1006],,Se,,,,,,EXCESS
3850:58 [1007],Sd,,m,Sd,Sd,,Sd,
3854:55 [1008],,,,Sd,,,,
3854:56 [1009],,,,Sd,,,,
3858:4 [1010],Sd,,Sd,Sd,,,,
3864:38 [1011],Sd,,,,,Sd,,
3868:65 [1012],m,,,Sd,m,m,,
3883:15 [1013],Sd,m,Sd,m,m,m,m,
3896:45 [1014],Sd,,m,m,Sd,m,m,
3899:9 [1015],,m,,m,,,,
3899:14 [1016],,m,,,,,,
3899:64 [1017],,,,,m,m,,
3899:67 [1018],,,,,m,m,,
3899:71 [1019],,,,,m,m,,
3900:1 [1020],Se,,Se,,,,,EXCESS
3900:21 [1021],Se,,Se,,,,,EXCESS
3900:65 [1022],Se,,Se,,,,,EXCESS
3900:75 [1023],Se,,Se,Se,,,,EXCESS
3901:11 [1024],m,,Sd,,Sd,,,
3901:12 [1025],m,,Sd,,Sd,,,
3919:61 [1026],m,,Sd,,Sd,,m,
3927:57 [1027],Sd,m,Sd,,Sd,,m,
3931:23 [1028],Sd,m,Sd,m,m,m,Sd,
3931:59 [1029],Sd,m,Sd,m,m,m,Sd,
3940:2 [1030],Sd,,,Sd,,,,
3940:45 [1031],Sd,,,Sd,Sd,,,
3950:53 [1032],m,,,m,Sd,Sd,m,
3955:19 [1033],Sd,,,Sd,m,m,,
3961:35 [1034],Sd,,Sd,,Sd,Sd,,
3966:46 [1035],,,Sd,m,,m,,
3966:64 [1036],Sd,,,,Sd,Sd,Sd,
3971:40 [1037],Sd,m,Sd,Sd,Sd,Sd,Sd,SIGN
3973:4 [1038],,Se,,Se,Se,Se,Se,SIGNEXCESS
3973:32 [1039],,Se,,Se,Se,Se,Se,SIGNEXCESS
3981:51 [1040],Sd,Sd,Sd,Sd,Sd,,Sd,SIGN
3987:20 [1041],Sd,,m,,,Sd,,
3987:31 [1042],,,,,,,,
3987:49 [1043],Sd,,m,,,Sd,,
3993:48 [1044],Sd,,Sd,Sd,Sd,Sd,,SIGN
3994:58 [1045],m,m,Sd,,m,m,m,
3994:69 [1046],m,m,Sd,,m,m,m,
4001:4 [1047],m,,,,,m,,
4003:37 [1048],m,,m,m,m,Sd,m,
4005:7 [1049],,,,,,,,
4005:21 [1050],,,,,,,,
4005:39 [1051],,,,,,,,
4011:23 [1052],m,,Sd,Sd,m,Sd,m,
4011:60 [1053],m,,Sd,Sd,Sd,,m,
4011:71 [1054],m,,Sd,Sd,Sd,,m,
4018:13 [1055],m,,m,,m,,m,
4023:69 [1056],Sd,,Sd,Sd,,,Sd,
4026:42 [1057],m,,m,Sd,Sd,Sd,m,
4028:74 [1058],Se,,Se,Se,,Se,Se,SIGNEXCESS
4031:25 [1059],Sd,m,,Sd,m,m,,
4031:29 [1060],Sd,m,,Sd,m,m,,
4031:62 [1061],Sd,m,,Sd,m,m,,
4035:19 [1062],m,m,,,m,m,m,
4035:32 [1063],m,m,,,m,m,m,
4035:39 [1064],m,m,,,m,m,m,
4038:55 [1065],Sd,,m,m,Sd,m,m,
4050:28 [1066],,,,,,,,
4052:22 [1067],,m,m,m,m,,m,
4052:39 [1068],Sd,,Sd,Sd,Sd,Sd,Sd,SIGN
4063:4 [1069],,,Sd,Sd,Sd,,,
4063:40 [1070],,,Sd,Sd,Sd,,,
4063:51 [1071],,,Sd,Sd,Sd,,,
4065:65 [1072],,,,,,,,
4065:67 [1073],,,,,,,,
4065:70 [1074],,,,,,,,
4066:10 [1075],Sd,,Sd,,Sd,Sd,Sd,SIGN
4066:27 [1076],Sd,Sd,Sd,,Sd,Sd,,SIGN
4071:15 [1077],,,,,,,,
4071:42 [1078],,,,,,,,
4071:44 [1079],,,,,,,,
4071:72 [1080],,,,,,,,
4071:73 [1081],,,,,,,,
4072:14 [1082],m,,m,m,m,m,,
4073:9 [1083],,m,m,m,m,m,,
4077:61 [1084],,,,,,m,,
4082:27 [1085],m,,m,,m,m,m,
4117:52 [1086],m,m,Sd,m,m,m,,
4117:68 [1087],Sd,,m,,Sd,,,
4117:69 [1088],Sd,,m,,Sd,,,
4129:71 [1089],Sd,Sd,Sd,Sd,Sd,Sd,Sd,SIGN
4129:72 [1090],Sd,Sd,Sd,Sd,Sd,Sd,Sd,SIGN
4131:72 [1091],Sd,,,,Sd,m,,
4132:12 [1092],m,,Sd,Sd,Sd,Sd,Sd,SIGN
4160:12 [1093],Sd,Sd,Sd,Sd,Sd,,m,SIGN
4165:17 [1094],m,,m,m,m,m,,
4165:71 [1095],m,,m,m,m,m,,
4166:28 [1096],Sd,,Sd,,Sd,Sd,,
4166:71 [1097],Sd,,Sd,,Sd,Sd,,
4171:24 [1098],Sd,,Sd,Sd,Sd,,,
4171:41 [1099],Sd,,Sd,Sd,Sd,,,
4171:60 [1100],Sd,,Sd,Sd,Sd,,,
4178:26 [1101],Se,,,,,,,EXCESS
4178:37 [1102],Se,,,,,,,EXCESS
4178:62 [1103],Se,,,,,,,EXCESS
4179:56 [1104],Sd,,Sd,,,m,,
4180:41 [1105],m,,m,,Sd,Sd,m,
4180:55 [1106],m,,m,,Sd,Sd,m,
4181:48 [1107],m,,Sd,Sd,Sd,Sd,m,
4182:19 [1108],Sd,,m,,,,,
4185:65 [1109],Sd,Sd,Sd,m,m,m,,
4185:75 [1110],Sd,,,Sd,Sd,Sd,,
4195:45 [1111],,m,,,m,m,,
4195:58 [1112],,Se,Se,Se,,Se,,EXCESS
4197:15 [1113],Sd,m,Sd,m,m,m,m,
4197:71 [1114],m,m,m,,,m,m,
4200:34 [1115],,,,,,,,
4200:61 [1116],,,,,,,,
4200:73 [1117],,,,,,,,
4201:8 [1118],,m,,,,m,,
4201:11 [1119],,m,,,,m,,
4201:28 [1120],Sd,m,Sd,Sd,Sd,m,Sd,SIGN
4201:47 [1121],Sd,m,Sd,Sd,Sd,m,Sd,SIGN
4209:48 [1122],Se,Se,Se,Se,Se,Se,,SIGNEXCESS
4210:6 [1123],m,Sd,,Sd,Sd,Sd,,
4210:62 [1124],m,Sd,,Sd,Sd,Sd,,
4210:73 [1125],m,Sd,,Sd,Sd,Sd,,
4211:48 [1126],Sd,,Sd,Sd,Sd,,Sd,SIGN
4212:1 [1127],m,,Sd,,Sd,,m,
4215:66 [1128],m,m,m,m,,m,,
4217:6 [1129],Sd,,Sd,Sd,m,Sd,m,
4217:43 [1130],Sd,,,Sd,m,Sd,,
4217:61 [1131],Sd,,,Sd,m,Sd,,
4223:20 [1132],m,,,m,,m,m,
4236:68 [1133],m,m,m,,m,,m,
4247:18 [1134],m,Sd,m,m,m,m,m,
4247:19 [1135],m,Sd,m,m,m,m,m,
4247:62 [1136],m,Sd,m,m,m,m,m,
4248:32 [1137],Sd,,Sd,,Sd,,,
4257:5 [1138],Sd,,,,Sd,,,
4257:58 [1139],Sd,,,,Sd,,,
4257:71 [1140],Sd,,,,Sd,,,
4259:4 [1141],m,,,,,,,
4259:8 [1142],m,,,,,,,
4259:41 [1143],m,,,,,,,
4260:9 [1144],Se,Se,Se,Se,Se,,Se,SIGNEXCESS
4261:59 [1145],,,,,Se,,,EXCESS
4263:8 [1146],m,m,m,,m,m,m,
4265:1 [1147],Sd,m,,m,m,m,m,
4278:2 [1148],Sd,,Sd,Sd,Sd,Sd,,SIGN
4278:3 [1149],Sd,,Sd,Sd,Sd,Sd,,SIGN
4278:14 [1150],Sd,,Sd,Sd,Sd,Sd,,SIGN
4278:20 [1151],Sd,,Sd,Sd,Sd,Sd,,SIGN
4278:27 [1152],Sd,,Sd,Sd,Sd,Sd,,SIGN
4282:39 [1153],,,Sd,,,m,m,
4282:71 [1154],,,Sd,Sd,m,Sd,Sd,
4282:72 [1155],Sd,,Sd,Sd,,Sd,Sd,SIGN
4285:35 [1156],Sd,,Sd,,m,m,,
4296:53 [1157],Sd,,m,m,,Sd,,
4298:73 [1158],Sd,,Sd,Sd,Sd,Sd,,SIGN
4299:22 [1159],Sd,,m,m,Sd,Sd,m,
4299:65 [1160],Sd,,m,m,Sd,Sd,m,
4303:56 [1161],,,m,,m,,,
4307:66 [1162],m,,,m,m,m,,
4325:55 [1163],Sd,Sd,Sd,,Sd,Sd,,SIGN
4341:2 [1164],,,m,m,Sd,,,
4342:2 [1165],Sd,m,m,m,m,Sd,,
4342:5 [1166],Sd,m,m,m,m,Sd,,
4342:9 [1167],Sd,m,m,m,m,Sd,,
4342:13 [1168],Sd,m,m,m,m,Sd,,
4342:34 [1169],Sd,m,m,m,m,Sd,,
4345:71 [1170],Sd,,Sd,Sd,Sd,Sd,Sd,SIGN
4346:8 [1171],m,m,m,,m,m,m,
4346:9 [1172],m,,m,,m,Sd,m,
4346:21 [1173],m,Sd,m,m,m,Sd,m,
4346:25 [1174],m,,m,,m,Sd,m,
4348:7 [1175],Sd,,Sd,Sd,m,,Sd,
4348:28 [1176],Sd,,Sd,Sd,,Sd,,
4353:25 [1177],Sd,,,,,,,
4356:27 [1178],,Se,,Se,Se,,,EXCESS
4356:44 [1179],,Se,,Se,Se,,,EXCESS
4356:51 [1180],,Se,,Se,Se,,,EXCESS
4357:17 [1181],Sd,,,,Sd,m,,
4357:55 [1182],Sd,,,,Sd,m,,
4367:5 [1183],Sd,,Sd,m,Sd,m,,
4368:63 [1184],Sd,,,,Sd,,,
4370:65 [1185],Sd,,Sd,,Sd,,Sd,
4373:29 [1186],,m,m,,m,,,
4373:33 [1187],,m,m,,m,,,
4373:62 [1188],,m,m,,m,,,
4374:36 [1189],Sd,,m,Sd,,Sd,,
4378:17 [1190],Sd,m,,m,m,m,,
4379:29 [1191],Sd,,Sd,Sd,,,Sd,
4385:29 [1192],m,,,,Sd,m,,
4393:25 [1193],,Se,Se,,,,,EXCESS
4393:26 [1194],,Se,Se,,,,,EXCESS
4393:27 [1195],,Se,Se,,,,,EXCESS
4403:42 [1196],,m,,m,m,m,m,
4407:53 [1197],m,,m,m,m,m,,
4416:69 [1198],Sd,,,Sd,Sd,,Sd,
4418:43 [1199],Sd,Sd,Sd,Sd,Sd,Sd,Sd,SIGN
4423:17 [1200],Sd,,,,,Sd,Sd,
4423:37 [1201],Sd,,,,,Sd,Sd,
4423:46 [1202],Sd,,,,,Sd,Sd,
4427:31 [1203],m,,,,Sd,m,m,
4427:63 [1204],m,,,,Sd,m,m,
4431:10 [1205],Sd,,Sd,Sd,Sd,,Sd,SIGN
4431:19 [1206],m,m,,m,,m,m,
4431:36 [1207],Sd,,Sd,Sd,Sd,,Sd,SIGN
4431:51 [1208],,,m,,,,m,
4431:75 [1209],Sd,,Sd,Sd,Sd,,Sd,SIGN
4436:17 [1210],Sd,Sd,Sd,Sd,Sd,Sd,Sd,SIGN
4443:7 [1211],,,,,,,m,
4443:35 [1212],,,,,,,m,
4445:14 [1213],Se,Se,,Se,Se,,Se,SIGNEXCESS
4445:29 [1214],Se,Se,,Se,Se,,Se,SIGNEXCESS
4445:50 [1215],Se,Se,,Se,Se,,Se,SIGNEXCESS
4447:40 [1216],m,m,m,,Sd,Sd,m,
4450:54 [1217],m,m,Sd,m,m,,m,
4452:12 [1218],Sd,m,,Sd,m,m,,
4455:11 [1219],,,,,,,,
4456:32 [1220],m,m,m,m,Sd,m,,
4468:72 [1221],m,Sd,m,m,,Sd,m,
4471:29 [1222],m,,,m,,m,m,
4471:56 [1223],,,,,,,,
4482:29 [1224],m,,m,Sd,Sd,Sd,m,
4484:25 [1225],,m,m,,,,,
4484:40 [1226],m,m,,m,m,m,m,
4518:66 [1227],m,,m,Sd,m,m,m,
4528:12 [1228],Sd,,Sd,Sd,Sd,Sd,,SIGN
4529:11 [1229],m,,,m,m,m,,
4529:19 [1230],m,,m,,,,,
4529:27 [1231],m,m,,,m,m,,
4529:31 [1232],m,m,,,m,m,m,
4529:58 [1233],m,m,m,,m,m,,
4529:61 [1234],m,,m,m,m,m,,
4529:69 [1235],m,,,m,m,m,m,
4538:9 [1236],m,m,m,m,m,,m,
4546:45 [1237],Sd,Sd,Sd,,Sd,Sd,Sd,SIGN
4546:66 [1238],Sd,Sd,Sd,,Sd,Sd,Sd,SIGN
4547:23 [1239],Sd,,,Sd,Sd,,,
4561:57 [1240],m,m,m,m,Sd,m,m,
4563:58 [1241],Sd,Sd,Sd,,,Sd,Sd,SIGN
4568:40 [1242],Se,Se,Se,Se,Se,Se,Se,SIGNEXCESS
4568:62 [1243],Se,Se,Se,Se,Se,Se,Se,SIGNEXCESS
4571:32 [1244],,m,m,,m,,,
4571:38 [1245],,,m,,,,,
4572:26 [1246],,,,,,,,
4577:25 [1247],Sd,,Sd,,Sd,Sd,,
4582:68 [1248],Sd,,,Sd,m,m,m,
4607:9 [1249],,m,m,,m,m,m,
4611:13 [1250],Sd,,m,,,,,
4613:8 [1251],Se,Se,Se,Se,Se,Se,Se,SIGNEXCESS
4613:12 [1252],Se,Se,Se,Se,Se,Se,Se,SIGNEXCESS
4613:15 [1253],Se,Se,Se,Se,Se,Se,Se,SIGNEXCESS
4613:23 [1254],Se,Se,Se,Se,Se,Se,Se,SIGNEXCESS
4613:63 [1255],Se,Se,Se,Se,Se,Se,Se,SIGNEXCESS
4614:7 [1256],,m,,,m,,m,
4616:5 [1257],,,Sd,,Sd,Sd,,
4616:6 [1258],,,,,m,m,,
4616:21 [1259],Sd,,Sd,Sd,Sd,Sd,Sd,SIGN
4616:23 [1260],Sd,,Sd,Sd,Sd,Sd,Sd,SIGN
4616:57 [1261],Sd,,Sd,Sd,Sd,Sd,Sd,SIGN
4616:66 [1262],,,Sd,,Sd,Sd,,
4616:71 [1263],,,,,m,m,,
4616:72 [1264],,,Sd,,Sd,Sd,,
4620:2 [1265],Sd,Sd,,Sd,,Sd,,
4620:6 [1266],Sd,Sd,,Sd,,Sd,,
4620:43 [1267],Sd,Sd,,Sd,,Sd,,
4626:49 [1268],Sd,,,Sd,Sd,,,
4633:10 [1269],,,,Se,,Se,,EXCESS
4656:3 [1270],,m,,,,,m,
4656:18 [1271],,,,,,,,
4656:19 [1272],m,,m,m,,m,m,
4656:21 [1273],m,,m,m,,m,m,
4656:28 [1274],m,,m,,,,m,
4656:31 [1275],,,,,,,,
4656:38 [1276],m,,m,m,,m,m,
4656:58 [1277],m,,m,m,,m,m,
4656:59 [1278],,,,,,,,
4659:32 [1279],Sd,,,,,,,
4666:7 [1280],Sd,,Sd,Sd,Sd,,,
4666:10 [1281],Sd,,Sd,Sd,Sd,,,
4666:49 [1282],Sd,,Sd,Sd,Sd,,,
4666:65 [1283],Sd,,m,,Sd,,Sd,
4666:68 [1284],Sd,,Sd,Sd,Sd,,,
4673:10 [1285],Sd,,Sd,Sd,,m,m,
4673:19 [1286],m,m,,m,,m,,
4673:43 [1287],Sd,Sd,Sd,m,Sd,Sd,Sd,SIGN
4673:47 [1288],Sd,Sd,Sd,m,Sd,Sd,Sd,SIGN
4676:16 [1289],Sd,Sd,Sd,,Sd,,Sd,SIGN
4676:37 [1290],,,,,,,,
4676:47 [1291],Sd,Sd,Sd,,Sd,,Sd,SIGN
4676:48 [1292],,,m,,,,m,
4676:49 [1293],,,m,,,m,m,
4676:57 [1294],Sd,,Sd,,,,Sd,
4682:6 [1295],m,,Sd,,Sd,Sd,,
4682:17 [1296],m,m,Sd,m,m,m,,
4682:64 [1297],m,,Sd,,Sd,Sd,,
4688:21 [1298],Sd,,Sd,,Sd,Sd,Sd,SIGN
4696:36 [1299],m,Sd,Sd,,,,,
4696:60 [1300],m,Sd,Sd,,,,,
4704:2 [1301],Sd,,Sd,Sd,,,Sd,
4704:61 [1302],Sd,,Sd,Sd,,,Sd,
4705:13 [1303],Sd,,Sd,Sd,Sd,Sd,,SIGN
4705:20 [1304],Sd,m,,m,m,m,m,
4710:16 [1305],Sd,Sd,,,,,,
4713:8 [1306],m,,m,m,m,m,m,
4714:32 [1307],m,,m,,m,m,m,
4715:4 [1308],Sd,,Sd,Sd,Sd,Sd,,SIGN
4716:25 [1309],Sd,,,m,Sd,m,,
4717:4 [1310],Sd,,,,,m,,
4727:35 [1311],m,Sd,Sd,,m,,m,
4727:44 [1312],m,,Sd,Sd,Sd,Sd,,
4727:45 [1313],m,,Sd,Sd,Sd,Sd,,
4727:55 [1314],m,Sd,,,m,,m,
4730:59 [1315],Sd,Sd,m,,Sd,Sd,,
4734:2 [1316],,,,,,,,
4734:20 [1317],,,,,,,,
4734:23 [1318],,,,,,,,
4736:69 [1319],Sd,,Sd,m,m,m,,
4739:4 [1320],m,m,m,Sd,m,m,Sd,
4739:9 [1321],Sd,m,,m,m,m,Sd,
4739:12 [1322],Sd,Sd,,Sd,m,m,Sd,
4739:16 [1323],m,m,m,Sd,m,m,Sd,
4739:61 [1324],Sd,Sd,m,Sd,Sd,,Sd,SIGN
4739:75 [1325],m,m,m,Sd,m,m,Sd,
4744:5 [1326],Sd,Sd,Sd,Sd,Sd,Sd,Sd,SIGN
4744:60 [1327],Sd,Sd,Sd,Sd,Sd,Sd,Sd,SIGN
4748:44 [1328],m,,m,Sd,m,Sd,m,
4751:70 [1329],,,m,m,m,m,Sd,
4765:61 [1330],,,,,,,,
4766:25 [1331],,,,,,,,
4766:40 [1332],m,,,,,m,m,
4767:63 [1333],Sd,m,Sd,,,Sd,,
4772:70 [1334],,,,,,Sd,,
4776:24 [1335],m,m,m,,m,m,,
4776:59 [1336],,,m,,m,,,
4776:62 [1337],,,,,,,,
4791:71 [1338],Sd,m,Sd,m,m,m,m,
4796:33 [1339],Sd,,Sd,Sd,Sd,Sd,Sd,SIGN
4796:65 [1340],Sd,,Sd,Sd,Sd,Sd,Sd,SIGN
4797:5 [1341],Sd,Sd,Sd,Sd,Sd,Sd,m,SIGN
4797:30 [1342],Sd,Sd,Sd,Sd,Sd,Sd,m,SIGN
4797:70 [1343],Sd,Sd,Sd,Sd,Sd,Sd,m,SIGN
4800:75 [1344],m,,m,m,m,m,m,
4802:68 [1345],Se,Se,Se,Se,Se,,,SIGNEXCESS
4802:72 [1346],Se,Se,Se,Se,Se,,,SIGNEXCESS
4805:53 [1347],m,,Sd,,Sd,,,
4807:22 [1348],m,m,m,,m,m,m,
4807:37 [1349],m,m,m,,m,m,m,
4807:57 [1350],m,m,m,,m,m,m,
4807:62 [1351],m,m,m,,m,m,m,
4808:47 [1352],m,,m,m,m,m,m,
4808:59 [1353],m,,m,,m,m,m,
4815:57 [1354],Se,Se,Se,Se,,Se,,SIGNEXCESS
4815:58 [1355],Se,Se,Se,Se,,Se,,SIGNEXCESS
4815:61 [1356],Se,Se,Se,Se,,Se,,SIGNEXCESS
4817:27 [1357],,m,,m,m,m,m,
4822:73 [1358],m,m,m,,m,m,m,
4825:36 [1359],Sd,Sd,Sd,,Sd,,Sd,SIGN
4828:24 [1360],Sd,Sd,,,Sd,,,
4858:7 [1361],Sd,,,,m,,m,
4858:15 [1362],Sd,,Sd,Sd,Sd,,,
4858:31 [1363],Sd,,Sd,Sd,Sd,,,
4858:56 [1364],Sd,,Sd,Sd,Sd,,,
4860:74 [1365],Sd,Sd,Sd,Sd,Sd,,,SIGN
4862:31 [1366],Sd,Sd,,Sd,Sd,,,
4862:41 [1367],Sd,Sd,,Sd,Sd,,,
4866:30 [1368],Sd,,m,,Sd,,,
4881:55 [1369],Sd,Sd,Sd,Sd,Sd,Sd,,SIGN
4894:70 [1370],Sd,Sd,Sd,,Sd,,,
4901:14 [1371],Sd,,Sd,,m,Sd,Sd,
4910:24 [1372],,,,,,,,
4917:58 [1373],,m,m,,,,,
4931:64 [1374],,,,,m,m,,
4931:70 [1375],,,,,,,,
4934:52 [1376],m,,m,Sd,m,m,m,
4937:55 [1377],m,Sd,Sd,,m,,,
4937:63 [1378],m,Sd,Sd,,m,,,
4940:37 [1379],,,Sd,Sd,Sd,Sd,,
4944:19 [1380],m,,m,m,m,m,m,
4947:65 [1381],Sd,,Sd,,Sd,,,
4955:70 [1382],Sd,,,m,m,m,Sd,
4968:33 [1383],Sd,,Sd,Sd,Sd,Sd,,SIGN
4968:48 [1384],m,m,m,m,Sd,m,m,
4970:22 [1385],m,,m,m,,m,m,
4971:29 [1386],Sd,m,Sd,m,m,m,m,
4971:63 [1387],Sd,m,Sd,m,m,m,m,
4984:6 [1388],Sd,,,m,m,m,m,
4984:19 [1389],Sd,,,m,m,m,m,
4985:23 [1390],Sd,,,Sd,Sd,Sd,Sd,SIGN
4987:8 [1391],Sd,,,,,m,m,
4987:27 [1392],m,,,m,,Sd,m,
4987:60 [1393],Sd,,,,,m,m,
4994:38 [1394],Se,Se,,Se,,Se,Se,SIGNEXCESS
4994:43 [1395],Se,Se,,Se,,Se,Se,SIGNEXCESS
5004:25 [1396],m,,m,,m,Sd,m,
5014:57 [1397],m,,m,Sd,m,m,m,
5022:22 [1398],Sd,,m,m,m,,m,
5022:23 [1399],Sd,,m,m,m,,m,
5022:28 [1400],Sd,,m,m,m,,m,
5025:20 [1401],m,m,m,,m,m,m,
5027:30 [1402],m,,m,m,m,m,m,
5033:51 [1403],Sd,,,m,Sd,,m,
5038:47 [1404],Sd,,Sd,Sd,Sd,Sd,,SIGN
5040:53 [1405],,,,,,,,
5040:56 [1406],,,,,,,,
5040:74 [1407],m,,,,,,,
5051:40 [1408],m,m,m,m,m,Sd,,
5055:37 [1409],Sd,,Sd,Sd,Sd,,Sd,SIGN
5055:52 [1410],Sd,,,,Sd,,,
5061:14 [1411],m,,m,m,m,m,m,
5062:28 [1412],m,,m,,m,,,
5064:50 [1413],Sd,Sd,,,Sd,,Sd,
5064:69 [1414],Sd,Sd,,,Sd,,Sd,
5066:44 [1415],Sd,,Sd,,Sd,,m,
5078:58 [1416],,,,,,,,
5078:60 [1417],,,,,,,,
5078:71 [1418],,,,,,,,
5092:43 [1419],Sd,,,Sd,m,m,,
5092:56 [1420],Sd,,,Sd,m,m,,
5095:8 [1421],m,,m,,Sd,m,Sd,
5102:59 [1422],Sd,,m,m,m,m,m,
5106:74 [1423],m,m,m,m,,m,m,
5111:17 [1424],Sd,,Sd,Sd,,,Sd,
5111:45 [1425],Sd,,Sd,Sd,,,Sd,
5115:31 [1426],Sd,,Sd,Sd,Sd,,,
5119:17 [1427],m,,m,m,Sd,,Sd,
5119:30 [1428],,Sd,Sd,Sd,Sd,,Sd,SIGN
5122:52 [1429],Sd,Sd,Sd,Sd,Sd,Sd,,SIGN
5140:1 [1430],m,,m,,m,m,m,
5140:3 [1431],m,,m,,m,m,m,
5140:5 [1432],m,,m,,m,m,m,
5140:8 [1433],m,,m,,m,m,m,
5140:9 [1434],m,,m,,m,m,m,
5148:2 [1435],,Se,,Se,,Se,Se,EXCESS
5148:48 [1436],m,,,,,,,
5148:62 [1437],m,,,,,,,
5151:27 [1438],m,m,,Sd,m,,Sd,
5154:65 [1439],Se,Se,,Se,Se,,Se,SIGNEXCESS
5156:39 [1440],,,,,,,,
5161:40 [1441],m,,,,,,,
5166:57 [1442],Sd,,Sd,,,Sd,Sd,
5171:17 [1443],Sd,,Sd,Sd,Sd,Sd,,SIGN
5171:44 [1444],Sd,,Sd,Sd,Sd,Sd,,SIGN
5174:45 [1445],m,m,Sd,m,m,m,m,
5182:66 [1446],m,,,Sd,m,,,
5198:8 [1447],m,,m,,,,m,
5198:46 [1448],,m,,,,m,,
5205:1 [1449],m,Sd,m,m,m,m,Sd,
5211:19 [1450],Sd,,Sd,Sd,,Sd,Sd,SIGN
5214:3 [1451],Sd,,,Sd,Sd,m,Sd,
5216:60 [1452],,,,m,m,,,
5226:38 [1453],,,Se,Se,,,Se,EXCESS
5236:16 [1454],Sd,,,Sd,Sd,,,
5247:58 [1455],Sd,,Sd,Sd,Sd,Sd,,SIGN
5253:38 [1456],Sd,,Sd,Sd,Sd,,,
5260:13 [1457],m,m,m,m,m,m,Sd,
5260:25 [1458],m,m,m,m,m,m,Sd,
5271:38 [1459],m,Sd,,Sd,Sd,,,
5271:39 [1460],m,Sd,,Sd,Sd,,,
5271:42 [1461],m,Sd,,Sd,Sd,,,
5271:53 [1462],m,Sd,,Sd,Sd,,,
5271:54 [1463],m,Sd,,Sd,Sd,,,
5278:33 [1464],Sd,,Sd,,m,,m,
5282:62 [1465],Sd,,Sd,Sd,Sd,,,
5282:64 [1466],Sd,,Sd,Sd,Sd,,,
5283:3 [1467],Sd,,m,Sd,,,,
5283:17 [1468],Sd,,m,Sd,,,,
5285:70 [1469],Sd,Sd,Sd,Sd,Sd,Sd,Sd,SIGN
5305:12 [1470],,m,,,,,,
5305:13 [1471],Se,,Se,Se,Se,,Se,SIGNEXCESS
5305:30 [1472],Se,,,Se,,,,EXCESS
5311:2 [1473],Se,Se,Se,Se,Se,Se,Se,SIGNEXCESS
5313:20 [1474],m,,m,m,m,m,m,
5322:39 [1475],,,,,,,m,
5322:43 [1476],,,,,,,m,
5322:57 [1477],,,,,,,,
5323:13 [1478],,Se,,,Se,Se,,EXCESS
5323:19 [1479],m,,m,m,,,m,
5323:20 [1480],,,,,,,,
5323:25 [1481],m,,m,m,,,m,
5323:43 [1482],,Se,,,Se,Se,,EXCESS
5323:60 [1483],,,,,,,,
5330:31 [1484],Sd,Sd,Sd,Sd,Sd,Sd,,SIGN
5330:35 [1485],,m,,,m,,m,
5332:70 [1486],m,m,,m,m,m,,
5336:14 [1487],,,,,Sd,m,,
5336:15 [1488],,,,,Sd,m,,
5345:1 [1489],Sd,Sd,Sd,Sd,Sd,Sd,Sd,SIGN
5345:14 [1490],m,Sd,Sd,Sd,Sd,,m,
5345:16 [1491],Sd,Sd,Sd,Sd,Sd,m,Sd,SIGN
5345:21 [1492],Sd,m,m,Sd,m,,m,
5345:41 [1493],Sd,Sd,Sd,Sd,Sd,Sd,Sd,SIGN
5345:51 [1494],Sd,m,m,Sd,m,,m,
5345:52 [1495],m,Sd,m,Sd,Sd,m,m,
5345:54 [1496],Sd,Sd,Sd,Sd,Sd,Sd,Sd,SIGN
5345:71 [1497],Sd,m,m,Sd,m,,m,
5347:50 [1498],Sd,m,Sd,,Sd,m,Sd,
5349:57 [1499],Sd,,,Sd,Sd,Sd,,
5353:17 [1500],Sd,,Sd,m,Sd,Sd,,
5355:43 [1501],Sd,,Sd,Sd,Sd,,,
5359:17 [1502],Se,Se,Se,Se,Se,Se,Se,SIGNEXCESS
5381:15 [1503],m,,,Sd,Sd,,m,
5381:70 [1504],m,,m,m,m,m,m,
5388:54 [1505],m,,,m,m,m,m,
5388:59 [1506],m,,,m,m,m,m,
5391:58 [1507],Sd,,,Sd,Sd,Sd,Sd,SIGN
5398:20 [1508],m,m,m,m,m,m,Sd,
5401:18 [1509],Sd,Sd,Sd,,Sd,m,,
5410:54 [1510],m,m,m,m,m,m,,
5411:50 [1511],m,m,Sd,,Sd,m,m,
5419:41 [1512],m,m,m,m,Sd,m,m,
5420:48 [1513],m,,m,m,,m,m,
5431:2 [1514],Sd,,Sd,,,,Sd,
5431:21 [1515],Sd,,Sd,,,,Sd,
5431:35 [1516],Sd,,Sd,,,,Sd,
5433:30 [1517],m,,m,m,m,m,m,
5434:60 [1518],,m,m,Sd,,m,,
5435:41 [1519],m,,m,Sd,m,m,m,
5439:64 [1520],Sd,m,Sd,Sd,Sd,,m,
5445:4 [1521],,m,m,,,m,,
5445:15 [1522],,Sd,m,Sd,,Sd,,
5445:30 [1523],,Sd,m,Sd,,Sd,,
5445:60 [1524],,Sd,m,Sd,,Sd,,
5451:53 [1525],Sd,,Sd,,Sd,,,
5458:72 [1526],m,,m,,m,m,m,
5459:52 [1527],Sd,Sd,Sd,Sd,Sd,,,SIGN
5465:28 [1528],m,m,m,,,m,m,
5465:38 [1529],Se,Se,Se,Se,Se,Se,Se,SIGNEXCESS
5473:18 [1530],Sd,m,Sd,,Sd,,Sd,
5473:31 [1531],Sd,m,Sd,Sd,Sd,,Sd,SIGN
5476:40 [1532],m,,m,m,m,m,m,
5480:69 [1533],m,,m,m,m,m,m,
5493:37 [1534],Sd,,Sd,,Sd,Sd,,
5494:12 [1535],,m,m,m,,m,m,
5494:18 [1536],,,m,,,m,m,
5494:33 [1537],,,m,,,m,m,
5494:54 [1538],m,,m,,m,m,m,
5494:55 [1539],m,,m,,m,m,m,
5495:2 [1540],Sd,,,Sd,Sd,Sd,,
5495:28 [1541],Sd,,,Sd,Sd,Sd,,
5495:32 [1542],Sd,,,Sd,Sd,Sd,,
5498:8 [1543],,,m,,,,m,
5516:33 [1544],,,,,m,,,
5534:13 [1545],m,,Sd,Sd,m,,m,
5537:36 [1546],Sd,m,m,m,m,m,,
5543:41 [1547],m,m,m,m,m,m,,
5546:11 [1548],m,,m,Sd,,Sd,m,
5548:19 [1549],m,,Sd,m,m,m,m,
5548:58 [1550],Sd,,Sd,Sd,Sd,,Sd,SIGN
5548:71 [1551],Sd,,Sd,Sd,Sd,,Sd,SIGN
5550:62 [1552],m,,,,m,,m,
5553:40 [1553],m,m,m,m,,m,m,
5559:28 [1554],Sd,,Sd,,,,m,
5566:32 [1555],Se,,Se,Se,,Se,Se,SIGNEXCESS
5576:47 [1556],m,,m,m,m,m,m,
5577:42 [1557],m,,m,,Sd,,,
5577:48 [1558],m,,m,,Sd,,,
5577:74 [1559],m,,m,,Sd,,,
5582:12 [1560],m,m,,m,m,,m,
5584:62 [1561],m,,m,Sd,Sd,Sd,m,
5587:48 [1562],Sd,,,,,m,m,
5593:21 [1563],Sd,,Sd,Sd,,,,
5593:32 [1564],Sd,,Sd,Sd,,,,
5593:73 [1565],Sd,,Sd,Sd,,,,
5597:6 [1566],Sd,m,m,Sd,,m,,
5620:70 [1567],m,,m,m,m,m,,
5622:8 [1568],Se,Se,Se,Se,Se,Se,Se,SIGNEXCESS
5623:52 [1569],Sd,,Sd,Sd,Sd,,Sd,SIGN
5624:2 [1570],m,,m,m,m,,m,
5624:3 [1571],m,,m,m,m,,m,
5640:14 [1572],,,m,m,m,m,,
5640:33 [1573],,m,m,m,m,m,,
5644:43 [1574],Sd,,Sd,,Sd,Sd,,
5654:43 [1575],m,,m,m,m,,Sd,
5656:69 [1576],m,m,m,m,m,,m,
5658:70 [1577],m,,m,m,m,Sd,m,
5672:8 [1578],Se,Se,Se,Se,Se,Se,Se,SIGNEXCESS
5672:31 [1579],Se,Se,Se,Se,Se,Se,Se,SIGNEXCESS
5672:53 [1580],Se,Se,Se,Se,Se,Se,Se,SIGNEXCESS
5673:4 [1581],m,,m,m,m,m,m,
5673:71 [1582],m,,m,m,Sd,m,Sd,
5674:64 [1583],Sd,,Sd,Sd,Sd,,Sd,SIGN
5679:49 [1584],Sd,Sd,,Sd,,Sd,Sd,SIGN
5682:17 [1585],Sd,,Sd,Sd,Sd,Sd,,SIGN
5692:11 [1586],Sd,m,Sd,m,m,m,m,
5692:23 [1587],Sd,m,Sd,m,m,m,m,
5692:37 [1588],Sd,m,Sd,m,m,m,m,
5694:32 [1589],Sd,,,Sd,Sd,m,Sd,
5694:67 [1590],Sd,,,Sd,Sd,Sd,,
5694:74 [1591],Sd,,,Sd,Sd,m,Sd,
5725:60 [1592],m,,m,,Sd,,m,
5748:35 [1593],m,Sd,Sd,Sd,m,,Sd,
5752:75 [1594],m,,,m,,,m,
5757:41 [1595],Sd,,Sd,,Sd,,Sd,
5763:47 [1596],m,,m,Sd,,m,m,
5782:54 [1597],,Sd,,Sd,,,Sd,
5788:16 [1598],m,,m,Sd,m,m,m,
5788:36 [1599],m,,m,Sd,m,m,m,
5788:47 [1600],m,,m,Sd,m,m,m,
5805:6 [1601],Sd,,,Sd,Sd,,Sd,
5809:19 [1602],Se,Se,Se,Se,,,Se,SIGNEXCESS
5809:58 [1603],Se,Se,Se,Se,,,Se,SIGNEXCESS
5812:8 [1604],,,Sd,Sd,Sd,,,
5820:5 [1605],m,,Sd,Sd,,Sd,,
5820:33 [1606],m,,Sd,Sd,,Sd,,
5827:21 [1607],Sd,Sd,Sd,Sd,Sd,Sd,,SIGN
5827:28 [1608],Sd,Sd,Sd,Sd,Sd,Sd,,SIGN
5827:50 [1609],Sd,Sd,Sd,Sd,Sd,Sd,,SIGN
5846:17 [1610],m,,m,,m,m,m,
5854:39 [1611],m,m,m,Sd,Sd,Sd,m,
5863:53 [1612],Se,Se,Se,Se,Se,Se,Se,SIGNEXCESS
5863:54 [1613],Se,Se,Se,Se,Se,Se,Se,SIGNEXCESS
5865:16 [1614],Sd,,,Sd,Sd,m,,
5867:28 [1615],Sd,,,,m,Sd,,
5875:19 [1616],Sd,m,,,,m,Sd,
5878:9 [1617],m,,m,m,m,,m,
5880:9 [1618],m,,m,,Sd,m,m,
5880:23 [1619],Sd,,Sd,,Sd,,,
5888:2 [1620],m,,m,m,m,m,m,
5888:4 [1621],m,,m,m,m,m,m,
5888:8 [1622],Se,,,,,Se,,EXCESS
5890:60 [1623],m,,m,m,m,m,m,
5896:43 [1624],Sd,Sd,,,Sd,Sd,Sd,SIGN
5902:34 [1625],Sd,,m,,m,m,,
5903:39 [1626],Sd,,Sd,,,,Sd,
5903:51 [1627],m,,Sd,,,,Sd,
5905:20 [1628],,,,,m,,,
5906:58 [1629],,,,,Sd,Sd,,
5910:66 [1630],m,,m,m,m,m,m,
5924:75 [1631],Sd,,Sd,Sd,Sd,Sd,Sd,SIGN
5929:50 [1632],m,,m,m,m,m,m,
5931:37 [1633],m,,Sd,,Sd,,m,
5936:35 [1634],m,,m,m,m,m,,
5949:9 [1635],,,m,m,m,m,m,
5949:39 [1636],m,,,m,,m,m,
5949:51 [1637],m,m,m,m,,,m,
5949:67 [1638],,m,,m,m,m,m,
5952:5 [1639],m,m,m,,m,m,,
5952:67 [1640],m,m,m,,m,m,,
5961:6 [1641],m,,Sd,,Sd,Sd,,
5961:7 [1642],m,,Sd,,Sd,Sd,,
5963:50 [1643],m,,,Sd,m,m,Sd,
5964:1 [1644],m,m,,,m,m,m,
5964:29 [1645],m,,m,m,,m,m,
5964:32 [1646],m,,m,m,,m,m,
5964:46 [1647],m,m,,,m,m,m,
5968:53 [1648],m,m,m,Sd,m,,m,
5968:58 [1649],m,m,m,Sd,m,,m,
5972:11 [1650],,,Sd,,,,,
5972:46 [1651],,,Sd,,,,,
5972:47 [1652],,,Sd,,,,,
5972:65 [1653],,,Sd,,,,,
5972:66 [1654],Sd,Sd,Sd,Sd,Sd,,Sd,SIGN
5976:16 [1655],,m,,m,m,m,m,
5976:20 [1656],Sd,Sd,Sd,Sd,Sd,Sd,Sd,SIGN
5988:4 [1657],,,,Se,Se,,,EXCESS
5988:31 [1658],Sd,Sd,Sd,,m,,,
5988:41 [1659],,,,Se,Se,,,EXCESS
5988:56 [1660],,,,Se,Se,,Se,EXCESS
5991:59 [1661],m,,m,m,m,m,m,
5995:36 [1662],m,,m,Sd,m,m,m,
5996:31 [1663],Sd,,,Sd,Sd,Sd,,
5996:69 [1664],Sd,,,Sd,Sd,Sd,,
6006:62 [1665],m,,,,,m,Sd,
6011:56 [1666],m,,Sd,,Sd,Sd,Sd,
6011:73 [1667],m,,m,,Sd,Sd,m,
6014:3 [1668],Se,Se,Se,Se,Se,Se,Se,SIGNEXCESS
6014:57 [1669],Se,Se,Se,Se,Se,Se,Se,SIGNEXCESS
6017:2 [1670],m,,m,m,m,,m,
6017:44 [1671],m,,m,m,m,,m,
6025:18 [1672],Sd,,Sd,Sd,,,,
6025:25 [1673],Sd,,Sd,Sd,,,,
6039:25 [1674],m,m,m,m,m,Sd,m,
6039:52 [1675],m,m,m,m,m,Sd,m,
6045:16 [1676],m,,m,m,m,m,,
6051:2 [1677],Sd,Sd,Sd,,Sd,Sd,,SIGN
6064:40 [1678],Sd,Sd,Sd,,,,,
6072:9 [1679],Se,,Se,,Se,,,EXCESS
6089:26 [1680],Se,Se,Se,Se,Se,Se,Se,SIGNEXCESS
6089:74 [1681],Se,Se,Se,Se,Se,Se,Se,SIGNEXCESS
6095:27 [1682],Sd,,Sd,,,Sd,m,
6095:47 [1683],Sd,,Sd,,Sd,Sd,m,
6103:36 [1684],m,,,m,m,m,,
6109:52 [1685],,,,Sd,Sd,m,,
6112:61 [1686],m,,m,,Sd,,,
6115:1 [1687],Se,Se,,Se,Se,Se,,SIGNEXCESS
6115:13 [1688],Se,Se,,Se,Se,Se,,SIGNEXCESS
6119:26 [1689],Sd,,Sd,Sd,Sd,,,
6119:46 [1690],Sd,,Sd,Sd,Sd,,,
6125:15 [1691],Sd,,Sd,Sd,m,Sd,,
6125:62 [1692],Sd,,Sd,Sd,m,Sd,,
6129:10 [1693],m,,m,m,m,Sd,Sd,
6129:47 [1694],m,,m,m,m,Sd,Sd,
6129:52 [1695],m,,m,m,m,Sd,Sd,
6131:11 [1696],Sd,,Sd,Sd,Sd,Sd,Sd,SIGN
6132:7 [1697],m,m,m,m,m,m,,
6153:22 [1698],Sd,,Sd,,Sd,Sd,,
6153:31 [1699],Sd,,Sd,,Sd,Sd,,
6157:75 [1700],m,,m,m,m,Sd,m,
6168:10 [1701],m,,m,m,m,m,m,
6175:57 [1702],,,,m,m,,m,
6187:71 [1703],Sd,Sd,Sd,Sd,Sd,Sd,,SIGN
6202:54 [1704],m,,m,,m,,m,
6210:67 [1705],m,,Sd,,Sd,Sd,Sd,
6222:28 [1706],Sd,,Sd,Sd,,,,
6227:12 [1707],Sd,Sd,,,,m,Sd,
6227:57 [1708],Sd,Sd,,,,m,Sd,
6231:24 [1709],,,m,m,m,m,m,
6231:43 [1710],,,m,m,m,m,m,
6231:49 [1711],m,m,,m,m,,m,
6231:66 [1712],m,,,,,,,
6231:68 [1713],,,,m,m,,,
6238:29 [1714],Sd,,Sd,m,m,m,m,
6250:17 [1715],Se,Se,Se,Se,Se,Se,Se,SIGNEXCESS
6250:52 [1716],Se,Se,Se,Se,Se,Se,Se,SIGNEXCESS
6254:54 [1717],m,,Sd,m,m,m,,
6256:6 [1718],m,Sd,,Sd,Sd,,,
6256:24 [1719],m,Sd,,Sd,Sd,,,
6256:28 [1720],m,Sd,,Sd,Sd,,,
6256:30 [1721],m,Sd,,Sd,Sd,,,
6256:31 [1722],m,Sd,,Sd,Sd,,,
6256:62 [1723],m,Sd,,Sd,Sd,,,
6257:18 [1724],Sd,,,m,m,,,
6264:12 [1725],m,,,m,m,m,,
6264:56 [1726],m,,,m,m,m,,
6269:63 [1727],,,,,,,,
6273:16 [1728],Sd,,Sd,Sd,Sd,Sd,,SIGN
6275:14 [1729],Sd,Sd,Sd,Sd,Sd,Sd,,SIGN
6275:49 [1730],Sd,Sd,Sd,Sd,Sd,Sd,,SIGN
6276:65 [1731],Sd,Sd,,,Sd,,Sd,
6282:57 [1732],m,,m,m,m,m,m,
6284:30 [1733],,m,m,,,m,,
6284:68 [1734],,m,,m,m,,,
6287:49 [1735],m,,m,,Sd,,m,
6287:50 [1736],m,,m,,Sd,,m,
6288:58 [1737],,,,,,,,
6295:53 [1738],m,m,m,Sd,Sd,Sd,m,
6296:73 [1739],Sd,Sd,,,Sd,Sd,Sd,SIGN
6298:30 [1740],,,,,,,,
6298:48 [1741],,,,,,,,
6298:66 [1742],,,,,,,,
6300:60 [1743],Sd,,,Sd,,,,
6301:31 [1744],Sd,,Sd,,,,,
6302:8 [1745],Se,Se,Se,Se,Se,,,SIGNEXCESS
6302:22 [1746],Se,Se,Se,Se,Se,,,SIGNEXCESS
6302:39 [1747],Se,Se,Se,Se,Se,,,SIGNEXCESS
6302:45 [1748],Se,Se,Se,Se,Se,,,SIGNEXCESS
6309:69 [1749],m,,m,Sd,m,m,m,
6316:20 [1750],Sd,Sd,Sd,m,Sd,,,
6316:59 [1751],Sd,Sd,Sd,m,Sd,,,
6316:63 [1752],Sd,Sd,Sd,m,Sd,,,
6323:23 [1753],,,,,,m,,
6323:49 [1754],,,,,,m,,
6323:60 [1755],,,,,,m,,
6328:24 [1756],Sd,,Sd,,Sd,Sd,,
6330:29 [1757],m,,Sd,Sd,m,m,,
6331:46 [1758],Sd,,Sd,,,Sd,,
6335:44 [1759],,m,,m,m,m,m,
6335:47 [1760],,m,,,m,,,
6338:29 [1761],m,m,m,m,m,Sd,m,
6342:52 [1762],Sd,,Sd,Sd,,,,
6356:18 [1763],,m,,,,,,
6356:49 [1764],,m,,,,,,
6361:55 [1765],,,,m,m,m,,
6361:73 [1766],,,,m,m,m,,
6362:27 [1767],m,,,m,,m,,
6362:43 [1768],m,m,m,m,m,,m,
6362:59 [1769],m,m,,m,m,m,,
6386:64 [1770],,,Se,Se,Se,Se,,EXCESS
6386:65 [1771],,,Se,Se,Se,Se,,EXCESS
6390:4 [1772],Se,,Se,Se,,,,EXCESS
6390:9 [1773],m,m,m,m,,m,m,
6401:73 [1774],,,,,,,,
6405:5 [1775],Sd,,Sd,,Sd,m,m,
6407:34 [1776],Sd,,Sd,,Sd,,,
6410:20 [1777],,,,Se,,,,EXCESS
6410:42 [1778],m,m,m,m,m,m,,
6413:7 [1779],,,,,m,,,
6413:22 [1780],,,,,m,,,
6418:39 [1781],,m,m,m,m,m,m,
6418:54 [1782],m,m,,m,,m,m,
6419:7 [1783],Sd,Sd,Sd,m,m,m,m,
6420:27 [1784],Se,,,Se,,Se,Se,EXCESS
6420:64 [1785],Se,,,Se,,Se,Se,EXCESS
6426:67 [1786],Sd,,Sd,Sd,Sd,,,
6427:53 [1787],m,m,m,m,m,m,Sd,
6436:54 [1788],m,,m,m,m,m,m,
6437:75 [1789],Sd,,Sd,Sd,Sd,Sd,,SIGN
6444:15 [1790],Sd,Sd,,,m,m,m,
6447:43 [1791],Sd,,,,,Sd,Sd,
6461:10 [1792],,,,,Se,,,EXCESS
6461:50 [1793],,,,,Se,,,EXCESS
6461:58 [1794],,,,,Se,,,EXCESS
6470:29 [1795],m,,Sd,,Sd,,,
6475:5 [1796],m,m,,,,m,m,
6475:6 [1797],m,m,,,,m,m,
6475:43 [1798],m,m,,,,m,m,
6475:53 [1799],Se,Se,,Se,Se,,Se,SIGNEXCESS
6483:11 [1800],m,m,,,,m,m,
6483:34 [1801],m,m,,,m,m,m,
6483:56 [1802],m,m,,,,m,m,
6483:62 [1803],m,m,,,m,m,m,
6483:64 [1804],m,m,,,m,m,m,
6483:72 [1805],m,m,,,,m,m,
6484:54 [1806],,,Se,Se,,,,EXCESS
6484:64 [1807],,,Se,Se,,,,EXCESS
6484:75 [1808],,,Se,Se,,,,EXCESS
6491:62 [1809],m,Sd,m,m,,,,
6499:22 [1810],Sd,,,Sd,Sd,,,
6499:58 [1811],Sd,,,Sd,Sd,,,
6499:62 [1812],Sd,,,Sd,Sd,,,
6502:10 [1813],Sd,m,m,Sd,,m,m,
6510:41 [1814],,m,m,m,,m,m,
6517:18 [1815],Sd,,,,Sd,m,Sd,
6521:36 [1816],m,,m,,Sd,m,m,
6525:23 [1817],m,,,m,m,m,,
6526:54 [1818],,Se,,,,,,EXCESS
6526:55 [1819],,Se,,,,,,EXCESS
6527:36 [1820],Sd,,m,Sd,m,,,
6538:42 [1821],m,,Sd,,,,,
6539:55 [1822],m,m,Sd,m,m,,m,
6558:30 [1823],,,,,,,,
6561:9 [1824],,,,,,m,m,
6561:10 [1825],,,,m,m,m,m,
6561:25 [1826],,,,,,m,m,
6561:38 [1827],,,,,,m,m,
6561:45 [1828],,m,,,,m,,
6561:73 [1829],,,,,,m,m,
6561:74 [1830],,m,,m,,m,m,
6563:42 [1831],m,,m,,Sd,Sd,m,
6563:57 [1832],m,,m,,Sd,Sd,m,
6566:17 [1833],m,,m,,m,m,m,
6566:27 [1834],Sd,Sd,Sd,,,,m,
6570:57 [1835],m,m,m,Sd,Sd,m,m,
6570:64 [1836],Sd,,Sd,Sd,Sd,,,
6573:68 [1837],Sd,,Sd,Sd,Sd,Sd,,SIGN
6574:26 [1838],Sd,,Sd,m,m,,m,
6576:2 [1839],Se,Se,Se,Se,Se,,Se,SIGNEXCESS
6576:3 [1840],Se,Se,Se,Se,Se,,Se,SIGNEXCESS
6579:27 [1841],Sd,,,,Sd,Sd,Sd,
6580:5 [1842],Sd,,,,m,,,
6580:6 [1843],Sd,,,,m,,,
6580:7 [1844],Sd,,,,m,,,
6580:32 [1845],Sd,,,,m,,,
6580:36 [1846],Sd,,,,m,,,
6591:52 [1847],,,m,Sd,Sd,m,m,
6594:17 [1848],m,,,,m,m,m,
6604:43 [1849],Sd,,,Sd,Sd,,,
6604:69 [1850],m,Sd,,m,m,m,m,
6604:74 [1851],m,Sd,,m,m,m,m,
6607:47 [1852],m,,m,m,m,m,m,
6617:75 [1853],Sd,Sd,m,Sd,m,m,m,
6631:7 [1854],Sd,,Sd,,Sd,m,m,
6636:23 [1855],Sd,,Sd,Sd,,,,
6637:43 [1856],m,,m,m,,m,,
6643:64 [1857],m,,,Sd,Sd,Sd,m,
6653:19 [1858],Sd,m,Sd,Sd,Sd,,Sd,SIGN
6653:54 [1859],Sd,m,Sd,Sd,Sd,,Sd,SIGN
6654:21 [1860],m,m,m,m,m,,m,
6660:3 [1861],Sd,,,Sd,Sd,Sd,m,
6660:33 [1862],Sd,,,Sd,Sd,Sd,m,
6660:47 [1863],Sd,Sd,m,Sd,Sd,Sd,m,SIGN
6670:65 [1864],Sd,,,,Sd,,,
6677:43 [1865],,,,,,,,
6683:27 [1866],Sd,,Sd,Sd,Sd,,,
6684:22 [1867],Sd,,Sd,,Sd,,Sd,
6687:64 [1868],Sd,,Sd,Sd,Sd,Sd,,SIGN
6690:18 [1869],,,Sd,Sd,Sd,,Sd,
6694:23 [1870],m,,m,,m,m,m,
6701:49 [1871],,,m,,,m,,
6701:63 [1872],m,m,m,m,m,m,Sd,
6706:2 [1873],m,m,,m,m,m,,
6706:29 [1874],m,Sd,Sd,m,Sd,m,m,
6706:57 [1875],m,m,,m,m,m,,
6710:18 [1876],,,,,,,,
6710:44 [1877],,,,,,,,
6710:75 [1878],,,,,,,,
6711:32 [1879],m,,m,m,m,m,m,
6711:40 [1880],m,,m,m,m,m,m,
6728:31 [1881],m,m,Sd,,m,m,,
6728:52 [1882],m,m,Sd,,m,m,,
6759:27 [1883],,,,,,,,
6771:40 [1884],Sd,m,m,Sd,m,,m,
6779:52 [1885],Se,Se,Se,Se,Se,Se,Se,SIGNEXCESS
6779:55 [1886],Se,Se,Se,Se,Se,Se,Se,SIGNEXCESS
6793:75 [1887],,m,m,m,,m,,
6795:43 [1888],Sd,m,Sd,,Sd,,Sd,
6795:51 [1889],Sd,m,Sd,Sd,Sd,,Sd,SIGN
6795:73 [1890],Sd,m,Sd,Sd,Sd,,Sd,SIGN
6801:34 [1891],Sd,,Sd,Sd,Sd,Sd,,SIGN
6807:73 [1892],m,,,m,m,m,m,
6807:74 [1893],m,,,m,m,m,m,
6810:37 [1894],Sd,,,m,m,m,,
6819:23 [1895],Sd,,Sd,,Sd,,,
6822:8 [1896],,Se,Se,Se,,,,EXCESS
6822:25 [1897],Sd,m,,,m,m,,
6824:56 [1898],Sd,,,,Sd,Sd,,
6826:23 [1899],Sd,,Sd,,m,,m,
6829:36 [1900],m,,m,Sd,m,,m,
6835:24 [1901],m,,Sd,Sd,Sd,,,
6835:68 [1902],m,,m,,Sd,m,m,
6836:25 [1903],,,Sd,,Sd,,,
6841:54 [1904],Sd,m,,m,m,m,m,
6842:20 [1905],m,m,,m,m,Sd,m,
6846:2 [1906],,,,,m,,,
6856:71 [1907],Sd,,,Sd,m,m,,
6857:6 [1908],Sd,,,Sd,Sd,,Sd,
6872:4 [1909],m,,m,m,m,m,,
6872:27 [1910],Sd,,,m,m,m,m,
6872:29 [1911],,,m,m,m,m,m,
6876:49 [1912],Sd,,,Sd,Sd,Sd,,
6878:60 [1913],Sd,,Sd,Sd,Sd,Sd,,SIGN
6879:11 [1914],Sd,,Sd,,,,,
6882:12 [1915],Sd,Sd,,Sd,Sd,m,,
6882:14 [1916],,m,m,,m,m,m,
6893:8 [1917],Sd,m,,,,m,,
6893:12 [1918],,,,Se,,,,EXCESS
6893:18 [1919],,,,Se,,,,EXCESS
6905:3 [1920],,,,,,,,
6905:6 [1921],,,,,,,,
6919:37 [1922],m,m,Sd,Sd,,m,m,
6926:23 [1923],Sd,,Sd,,Sd,m,Sd,
6929:36 [1924],,,,,m,,,
6929:53 [1925],,m,,m,m,m,,
6942:18 [1926],Sd,,,,,Sd,,
6945:19 [1927],Sd,,Sd,,Sd,,Sd,
6947:18 [1928],Sd,Sd,m,Sd,Sd,,,
6947:19 [1929],Sd,Sd,m,Sd,Sd,,,
6953:33 [1930],,,,,Sd,,,
6974:34 [1931],Sd,,Sd,,Sd,Sd,,
6977:37 [1932],Se,Se,Se,Se,Se,Se,Se,SIGNEXCESS
6977:59 [1933],Se,Se,Se,Se,Se,Se,Se,SIGNEXCESS
6987:65 [1934],m,,m,,m,,m,
6988:6 [1935],Sd,Sd,Sd,,Sd,Sd,,SIGN
6988:65 [1936],Sd,Sd,Sd,,Sd,Sd,,SIGN
6994:3 [1937],Sd,,Sd,Sd,Sd,,,
6999:36 [1938],Sd,Sd,Sd,,Sd,,Sd,SIGN
6999:58 [1939],m,,m,m,m,m,m,
7006:35 [1940],Sd,,Sd,,Sd,,,
7008:72 [1941],Se,Se,Se,Se,Se,Se,Se,SIGNEXCESS
7012:13 [1942],,,,,,,,
7012:39 [1943],,,,,,,,
7012:66 [1944],,,,,,,,
7026:38 [1945],m,,Sd,,,,,
7036:70 [1946],Sd,Sd,Sd,m,,m,,
7036:71 [1947],m,,m,m,,m,m,
7051:17 [1948],m,,m,,m,m,m,
7051:35 [1949],m,,m,,m,m,m,
7065:13 [1950],,,,,,,,
7065:18 [1951],,,,,,,,
7065:56 [1952],Sd,m,Sd,,Sd,m,m,
7067:67 [1953],Sd,Sd,Sd,Sd,Sd,Sd,Sd,SIGN
7068:19 [1954],Sd,,m,m,Sd,m,m,
7068:31 [1955],Sd,,,m,Sd,Sd,,
7071:10 [1956],,,,,,,,
7071:33 [1957],,,,,,,,
7076:34 [1958],m,,Sd,Sd,,Sd,,
7077:37 [1959],Sd,,m,,,,,
7077:44 [1960],Sd,,m,,,,,
7093:31 [1961],Sd,,,Sd,Sd,,,
7097:19 [1962],Sd,,,Sd,Sd,,,
7097:37 [1963],Sd,,,Sd,Sd,,,
7109:28 [1964],m,,m,m,m,m,m,
7115:13 [1965],m,m,m,,,m,m,
7115:23 [1966],m,m,m,,,m,m,
7115:57 [1967],m,m,m,m,m,,,
7115:62 [1968],m,,m,,,,,
7115:72 [1969],m,m,m,,m,,m,
7115:75 [1970],m,m,m,,m,,m,
7126:45 [1971],m,,,,m,m,m,
7129:73 [1972],Sd,,Sd,Sd,m,m,m,
7133:59 [1973],m,,,,,,m,
7134:28 [1974],m,Sd,m,m,m,m,m,
7134:49 [1975],m,Sd,m,m,m,m,m,
7136:14 [1976],Sd,,Sd,Sd,Sd,,,
7136:71 [1977],Sd,,Sd,Sd,Sd,,,
7137:7 [1978],Sd,m,,m,Sd,m,,
7137:15 [1979],Sd,m,,m,Sd,m,,
7137:66 [1980],Sd,m,,m,Sd,m,,
7144:26 [1981],Sd,,Sd,m,,,,
7144:36 [1982],Sd,,Sd,m,,,,
7149:27 [1983],Se,Se,Se,Se,Se,Se,Se,SIGNEXCESS
7149:56 [1984],Se,Se,Se,Se,Se,Se,Se,SIGNEXCESS
7153:44 [1985],Sd,m,Sd,m,m,m,,
7161:38 [1986],m,,m,m,m,m,m,
7161:69 [1987],m,,m,m,m,m,m,
7163:32 [1988],,,,,,,,
7163:39 [1989],,,,,,,,
7166:23 [1990],Sd,m,m,Sd,m,m,m,
7167:64 [1991],Sd,,Sd,,Sd,Sd,,
7183:14 [1992],Sd,Sd,Sd,Sd,Sd,,,SIGN
7183:42 [1993],Sd,Sd,Sd,Sd,Sd,,,SIGN
7194:57 [1994],Sd,,m,,,,m,
7198:65 [1995],m,,m,m,m,m,,
7211:74 [1996],Sd,,Sd,,Sd,Sd,,
7213:72 [1997],Sd,,Sd,Sd,Sd,,,
7219:23 [1998],Se,Se,Se,Se,Se,Se,Se,SIGNEXCESS
7219:31 [1999],Se,Se,Se,Se,Se,Se,Se,SIGNEXCESS
7219:62 [2000],Se,Se,Se,Se,Se,Se,Se,SIGNEXCESS
7220:2 [2001],,,m,,,,m,
7220:64 [2002],,,m,,,,m,
7220:68 [2003],,,m,Sd,Sd,,m,
7220:70 [2004],,,m,Sd,Sd,,m,
7230:42 [2005],Sd,,,Sd,Sd,,Sd,
7231:43 [2006],Se,Se,Se,,Se,Se,Se,SIGNEXCESS
7231:75 [2007],Se,Se,Se,,Se,Se,Se,SIGNEXCESS
7235:23 [2008],Se,Se,,Se,Se,Se,,SIGNEXCESS
7235:24 [2009],Se,Se,,Se,Se,Se,,SIGNEXCESS
7235:31 [2010],Se,Se,,Se,Se,Se,,SIGNEXCESS
7235:56 [2011],Se,Se,,Se,Se,Se,,SIGNEXCESS
7243:63 [2012],Sd,,Sd,,m,m,Sd,
7247:72 [2013],Sd,m,m,,Sd,m,m,
7254:56 [2014],Sd,Sd,Sd,Sd,Sd,Sd,,SIGN
7254:57 [2015],Sd,Sd,Sd,Sd,Sd,Sd,,SIGN
7254:66 [2016],Sd,Sd,Sd,Sd,Sd,Sd,,SIGN
7264:67 [2017],,,,,,,,
7274:63 [2018],Se,Se,Se,Se,Se,Se,,SIGNEXCESS
7277:15 [2019],Sd,,,Sd,Sd,,Sd,
7277:55 [2020],Sd,,,Sd,Sd,,Sd,
7277:67 [2021],Sd,,,Sd,Sd,,Sd,
7279:32 [2022],m,,m,,m,m,m,
7288:69 [2023],Sd,,Sd,,Sd,,m,
7300:29 [2024],m,,m,m,Sd,m,m,
7308:23 [2025],Sd,,,Sd,Sd,,Sd,
7313:33 [2026],Sd,,,,m,,,
7315:26 [2027],m,m,,m,,m,,
7315:36 [2028],m,m,,m,,m,,
7315:63 [2029],m,m,,m,,m,,
7318:4 [2030],,,,,,,,
7329:47 [2031],,,m,m,m,m,m,
7343:35 [2032],Sd,m,m,m,Sd,m,m,
7343:51 [2033],Sd,m,m,m,Sd,m,m,
7345:5 [2034],,Se,Se,Se,,Se,,EXCESS
7345:7 [2035],,Se,Se,Se,,Se,Se,SIGNEXCESS
7345:28 [2036],,Se,Se,Se,,Se,Se,SIGNEXCESS
7345:49 [2037],,Se,Se,Se,,Se,Se,SIGNEXCESS
7345:72 [2038],,Se,Se,Se,,Se,,EXCESS
7367:61 [2039],,,m,,m,m,,
7376:18 [2040],m,,m,Sd,m,m,m,
7382:38 [2041],,,,Sd,Sd,,,
7389:63 [2042],m,,Sd,m,m,m,m,
7390:43 [2043],Sd,,m,Sd,Sd,,,
7395:7 [2044],Sd,Sd,,Sd,,,,
7408:61 [2045],m,,m,m,m,m,,
7408:66 [2046],m,,m,m,m,m,,
7410:35 [2047],,,,,,,,
7416:44 [2048],Se,Se,,Se,Se,Se,Se,SIGNEXCESS
7416:52 [2049],Se,Se,,Se,Se,Se,Se,SIGNEXCESS
7417:58 [2050],Sd,Sd,,,,Sd,Sd,
7427:48 [2051],Sd,m,,m,Sd,m,,
7428:10 [2052],m,,m,,m,m,m,
7428:74 [2053],m,,m,,m,m,m,
7431:11 [2054],Sd,,Sd,Sd,Sd,,,
7446:14 [2055],,m,,m,Sd,m,,
7446:66 [2056],,m,,m,Sd,m,,
7446:75 [2057],,m,,m,Sd,m,,
7449:7 [2058],m,,m,m,m,m,,
7469:8 [2059],Sd,,Sd,Sd,Sd,Sd,Sd,SIGN
7471:10 [2060],Sd,m,,Sd,,,,
7472:59 [2061],m,,m,m,m,m,m,
7472:60 [2062],m,,m,m,m,m,m,
7473:65 [2063],Se,Se,Se,Se,Se,Se,Se,SIGNEXCESS
7476:39 [2064],m,,m,m,m,m,,
7494:3 [2065],Sd,,Sd,Sd,Sd,Sd,,SIGN
7512:13 [2066],m,,m,m,m,m,,
7512:21 [2067],m,,m,m,m,m,,
7517:60 [2068],m,Sd,Sd,Sd,Sd,Sd,,SIGN
7529:3 [2069],Sd,,,,Sd,,Sd,
7529:12 [2070],Sd,m,m,Sd,Sd,m,Sd,
7529:15 [2071],Sd,m,m,Sd,Sd,m,Sd,
7529:68 [2072],Sd,m,m,Sd,Sd,m,Sd,
7529:71 [2073],Sd,m,m,Sd,Sd,m,Sd,
7529:72 [2074],Sd,m,m,Sd,Sd,m,Sd,
7536:36 [2075],Sd,m,m,m,m,m,Sd,
7543:15 [2076],m,m,,m,m,m,,
7543:35 [2077],,,,,,,,
7543:65 [2078],,,,,,,,
7550:25 [2079],m,,Sd,m,,m,m,
7554:3 [2080],m,Sd,m,m,m,Sd,m,
7562:16 [2081],Sd,,,Sd,Sd,m,Sd,
7567:44 [2082],Sd,Sd,Sd,Sd,m,,,
7567:57 [2083],Sd,Sd,Sd,Sd,m,,,
7567:60 [2084],Sd,Sd,Sd,Sd,m,,,
7572:19 [2085],,,,,,,,
7572:20 [2086],m,,,,,,,
7573:10 [2087],Sd,,Sd,,Sd,,Sd,
7573:17 [2088],Sd,,Sd,,Sd,,Sd,
7579:69 [2089],m,Sd,m,Sd,m,m,m,
7581:62 [2090],m,,m,m,m,m,Sd,
7591:64 [2091],Sd,,m,m,m,m,m,
7604:19 [2092],Sd,Sd,Sd,Sd,Sd,,,SIGN
7605:1 [2093],Sd,,,Sd,Sd,,,
7605:10 [2094],Sd,,Sd,,Sd,m,,
7606:4 [2095],Sd,,,Sd,m,Sd,Sd,
7606:35 [2096],,,,,,,,
7606:59 [2097],Sd,Sd,Sd,Sd,,,,
7607:34 [2098],m,,m,,,m,m,
7609:48 [2099],Se,,Se,Se,,,,EXCESS
7610:54 [2100],m,,m,m,m,m,,
7614:25 [2101],m,m,,m,m,m,m,
7614:72 [2102],m,m,,m,m,m,m,
7652:16 [2103],Sd,,Sd,,Sd,Sd,,
7652:24 [2104],Sd,,Sd,,Sd,Sd,,
7652:64 [2105],Sd,,Sd,,Sd,Sd,,
7652:72 [2106],Sd,,Sd,,Sd,Sd,,
7653:36 [2107],Sd,,Sd,,Sd,Sd,Sd,SIGN
7653:37 [2108],Sd,,Sd,,Sd,Sd,Sd,SIGN
7653:40 [2109],Sd,,Sd,,Sd,Sd,Sd,SIGN
7653:49 [2110],Sd,,Sd,,Sd,Sd,Sd,SIGN
7653:55 [2111],Sd,,Sd,,Sd,Sd,Sd,SIGN
7657:12 [2112],Sd,,Sd,Sd,Sd,,,
7666:68 [2113],m,,m,m,,m,m,
7667:53 [2114],Sd,,Sd,Sd,Sd,,,
7674:4 [2115],m,,,,,m,m,
7674:31 [2116],,,,,,,,
7688:28 [2117],m,m,Sd,m,m,m,Sd,
7694:4 [2118],,,,,,,,
7694:8 [2119],,,,,,,,
7694:44 [2120],,,,,,,,
7694:65 [2121],Sd,,Sd,Sd,Sd,Sd,Sd,SIGN
7699:26 [2122],,,,m,m,m,,
7708:38 [2123],,,,,,,,
7709:9 [2124],Sd,m,,m,,Sd,Sd,
7709:55 [2125],Sd,m,,m,,Sd,Sd,
7723:47 [2126],Sd,m,Sd,,Sd,m,,
7726:68 [2127],m,m,m,,,,m,
7729:41 [2128],Sd,,Sd,Sd,Sd,,,
7730:42 [2129],Sd,,Sd,Sd,,,,
7731:50 [2130],Sd,Sd,m,,Sd,,Sd,
7732:39 [2131],m,m,m,,m,,m,
7734:8 [2132],m,m,m,,Sd,,m,
7734:29 [2133],m,m,m,,Sd,,m,
7745:1 [2134],Sd,,,m,m,m,m,
7745:63 [2135],Sd,,,m,m,m,m,
7766:13 [2136],,,,,,,,
7766:23 [2137],m,,,,,,,
7766:52 [2138],,,,m,,,m,
7766:67 [2139],,m,m,,,m,m,
7774:52 [2140],,Se,,,Se,,Se,EXCESS
7774:57 [2141],,Se,,,Se,,Se,EXCESS
7777:46 [2142],m,,m,Sd,m,Sd,,
7777:51 [2143],m,,m,Sd,m,Sd,,
7777:64 [2144],m,,Sd,Sd,m,Sd,,
7777:65 [2145],m,,m,Sd,m,Sd,,
7777:72 [2146],m,,m,Sd,m,Sd,,
7790:38 [2147],,,,,,m,,
7790:50 [2148],,,,,,m,,
7790:56 [2149],,,,,,m,,
7791:21 [2150],Sd,,,,Sd,,,
7791:42 [2151],m,,m,Sd,Sd,m,m,
7796:2 [2152],Sd,Sd,Sd,Sd,Sd,Sd,Sd,SIGN
7796:16 [2153],Sd,Sd,Sd,Sd,Sd,Sd,Sd,SIGN
7800:46 [2154],m,,m,m,m,m,m,
7803:75 [2155],Sd,,,,Sd,Sd,,
7806:44 [2156],m,m,m,,,m,m,
7806:71 [2157],m,m,m,,,m,m,
7814:10 [2158],m,m,Sd,m,m,Sd,m,
7820:21 [2159],m,m,m,Sd,m,Sd,m,
7822:44 [2160],Sd,Sd,Sd,Sd,Sd,Sd,Sd,SIGN
7823:25 [2161],Sd,,Sd,Sd,Sd,Sd,Sd,SIGN
7823:26 [2162],Sd,,Sd,Sd,Sd,Sd,Sd,SIGN
7825:1 [2163],m,,m,,m,m,m,
7825:5 [2164],Sd,,Sd,,Sd,,Sd,
7826:11 [2165],Sd,,,,Sd,,m,
7846:57 [2166],,,,,,,Se,EXCESS
7847:64 [2167],Sd,Sd,Sd,Sd,Sd,Sd,,SIGN
7847:65 [2168],Sd,,Sd,Sd,Sd,,,
7859:8 [2169],,,Sd,,m,,Sd,
7860:41 [2170],Sd,,Sd,Sd,Sd,Sd,m,SIGN
7860:45 [2171],Sd,,Sd,Sd,Sd,Sd,m,SIGN
7870:48 [2172],m,m,Sd,,Sd,m,Sd,
7875:23 [2173],Sd,,Sd,,Sd,,Sd,
7876:24 [2174],m,,m,m,m,m,m,
7876:25 [2175],m,,m,m,m,m,m,
7876:42 [2176],Sd,,Sd,,m,,,
7881:34 [2177],m,,m,Sd,Sd,,m,
7899:6 [2178],Se,Se,Se,Se,Se,Se,Se,SIGNEXCESS
7899:19 [2179],Se,Se,Se,Se,Se,Se,Se,SIGNEXCESS
7921:46 [2180],,m,,m,m,m,,
7922:58 [2181],Sd,,Sd,Sd,Sd,,,
7922:62 [2182],Sd,,Sd,Sd,Sd,,,
7924:49 [2183],Sd,m,m,m,m,m,m,
7924:50 [2184],Sd,m,m,m,m,m,m,
7928:64 [2185],Sd,,m,,Sd,,m,
7942:32 [2186],m,m,m,Sd,Sd,,m,
7945:14 [2187],Sd,Sd,m,Sd,,,,
7945:61 [2188],Sd,Sd,m,Sd,,,,
7945:64 [2189],Sd,Sd,m,Sd,,,,
7945:67 [2190],Sd,Sd,m,Sd,,,,
7952:29 [2191],,,Sd,,Sd,m,Sd,
7977:22 [2192],Sd,m,Sd,m,m,m,Sd,
7985:54 [2193],Sd,,Sd,Sd,Sd,Sd,,SIGN
7989:21 [2194],,,,,,,,
7996:16 [2195],Sd,,Sd,Sd,Sd,,Sd,SIGN
7996:40 [2196],Sd,,Sd,Sd,Sd,,Sd,SIGN
7996:63 [2197],Sd,,Sd,Sd,Sd,,Sd,SIGN
7997:58 [2198],Sd,,,,m,,Sd,
7997:61 [2199],Sd,,,Sd,m,,,
7997:64 [2200],m,Sd,m,Sd,m,,m,
7997:68 [2201],Sd,,,,m,,Sd,
7997:69 [2202],Sd,,,,m,,Sd,
8018:1 [2203],,,m,,m,,m,
8018:40 [2204],,,m,,m,,,
8018:44 [2205],m,,m,,m,,,
8018:45 [2206],m,,m,,m,,,
8018:52 [2207],m,,m,,m,,,
8018:61 [2208],,,m,m,m,m,m,
8018:70 [2209],,,m,m,m,m,m,
8019:27 [2210],Sd,Sd,,m,,m,,
8019:46 [2211],Sd,Sd,,m,,m,,
8019:73 [2212],Sd,Sd,,m,,m,,
8025:65 [2213],Sd,,m,m,m,m,,
8031:60 [2214],,,,,,Se,,EXCESS
8043:8 [2215],Sd,,Sd,Sd,Sd,,Sd,SIGN
8043:38 [2216],Sd,,Sd,Sd,Sd,,Sd,SIGN
8043:69 [2217],,,,,,,,
8044:27 [2218],,,,,,,Se,EXCESS
8056:16 [2219],m,,,,m,,m,
8056:20 [2220],,,,Se,Se,,,EXCESS
8056:33 [2221],,,,,,,,
8056:64 [2222],,,,Se,Se,,,EXCESS
8056:68 [2223],Sd,,,,m,,m,
8058:26 [2224],m,,m,m,m,m,m,
8082:10 [2225],Sd,,,m,m,m,,
8082:65 [2226],Sd,,,m,m,m,,
8087:43 [2227],Sd,Sd,m,Sd,,,m,
8088:1 [2228],m,,Sd,m,m,,m,
8088:35 [2229],Sd,,Sd,,Sd,,,
8092:22 [2230],Se,,Se,Se,,Se,Se,SIGNEXCESS
8092:62 [2231],Se,,Se,Se,,Se,Se,SIGNEXCESS
8092:75 [2232],Se,,Se,Se,,Se,Se,SIGNEXCESS
8102:27 [2233],,,,,,,,
8108:64 [2234],,,,,,,,
8113:63 [2235],Se,,,,Se,,,EXCESS
8114:44 [2236],,,m,m,m,m,m,
8116:6 [2237],,,,,,,,
8117:1 [2238],,m,,,m,m,m,
8117:17 [2239],m,m,,,m,m,m,
8117:34 [2240],m,m,,,m,m,m,
8117:50 [2241],,m,,,m,m,m,
8117:64 [2242],,m,,,m,m,m,
8117:71 [2243],m,m,,,m,m,m,
8117:74 [2244],m,m,,,m,m,m,
8137:68 [2245],Sd,m,Sd,,m,m,,
8153:28 [2246],,,Sd,m,Sd,m,m,
8153:35 [2247],Sd,,Sd,,Sd,,,
8153:70 [2248],,,Sd,m,Sd,m,m,
8162:7 [2249],m,m,m,,,m,m,
8162:55 [2250],,,Se,,,,Se,EXCESS
8162:61 [2251],,,Se,,,,Se,EXCESS
8167:4 [2252],Sd,,Sd,,Sd,,Sd,
8167:44 [2253],Sd,,Sd,,Sd,,Sd,
8176:70 [2254],,Se,Se,Se,Se,Se,Se,SIGNEXCESS
8176:74 [2255],Se,Se,Se,Se,Se,Se,Se,SIGNEXCESS
8192:73 [2256],m,,Sd,,,,Sd,
8203:12 [2257],Sd,,Sd,,Sd,,,
8203:68 [2258],Sd,,Sd,,Sd,,,
8215:35 [2259],m,Sd,Sd,,Sd,Sd,,
8215:58 [2260],m,,m,m,m,m,,
8216:25 [2261],,Se,,,,,,EXCESS
8233:12 [2262],Sd,Sd,Sd,Sd,Sd,Sd,Sd,SIGN
8233:50 [2263],m,Sd,m,m,m,,m,
8241:45 [2264],Sd,Sd,Sd,Sd,Sd,Sd,Sd,SIGN
8254:64 [2265],Sd,m,Sd,Sd,Sd,m,m,
8254:65 [2266],Sd,m,Sd,Sd,Sd,m,m,
8256:70 [2267],m,,m,,m,,m,
8267:56 [2268],Sd,,Sd,Sd,Sd,,,
8269:11 [2269],Sd,m,Sd,m,m,m,m,
8279:14 [2270],m,,,Sd,Sd,,Sd,
8295:35 [2271],,m,m,,,m,m,
8310:69 [2272],m,,m,m,m,m,m,
8310:75 [2273],m,,m,m,m,m,m,
8319:42 [2274],,,,,,,,
8322:19 [2275],m,m,Sd,m,m,Sd,m,
8322:24 [2276],m,m,Sd,m,m,Sd,m,
8322:40 [2277],m,m,Sd,m,m,Sd,m,
8332:3 [2278],Sd,,,Sd,Sd,,,
8332:42 [2279],Sd,,,Sd,Sd,,,
8332:62 [2280],Sd,,,Sd,Sd,,,
8334:10 [2281],Sd,,,Sd,,,Sd,
8344:60 [2282],,Sd,Sd,m,Sd,m,Sd,
8357:60 [2283],Sd,,m,,m,,m,
8361:8 [2284],Sd,,,,m,m,Sd,
8361:57 [2285],Sd,,,,m,m,Sd,
8371:12 [2286],Sd,,Sd,,,,,
8372:14 [2287],Sd,,m,,m,m,,
8374:6 [2288],m,,m,,Sd,Sd,m,
8382:1 [2289],m,,m,Sd,m,,m,
8382:13 [2290],m,,m,Sd,m,,m,
8382:15 [2291],m,,m,Sd,m,,m,
8382:16 [2292],m,,m,Sd,m,,m,
8382:50 [2293],m,,m,Sd,m,,m,
8382:68 [2294],m,,m,Sd,m,,m,
8398:37 [2295],m,m,m,,m,m,,
8398:54 [2296],m,m,m,,m,m,,
8399:13 [2297],,,,,,,,
8399:21 [2298],,,,,,,,
8399:32 [2299],,,,,,,,
8399:46 [2300],,,m,,,,m,
8403:68 [2301],Sd,m,Sd,Sd,Sd,,,
8403:74 [2302],Sd,m,Sd,Sd,Sd,,,
8404:29 [2303],Sd,Sd,Sd,,Sd,,Sd,SIGN
8404:35 [2304],Sd,Sd,Sd,,Sd,,Sd,SIGN
8412:7 [2305],Sd,,Sd,,Sd,,,
8415:43 [2306],,,,,,,,
8415:46 [2307],,,,m,m,m,,
8421:32 [2308],Se,,,Se,,,,EXCESS
8421:34 [2309],Se,,,Se,,,,EXCESS
8421:63 [2310],Se,,,Se,,,,EXCESS
8421:68 [2311],Se,,,Se,,,,EXCESS
8439:62 [2312],Sd,Sd,,Sd,Sd,Sd,Sd,SIGN
8441:56 [2313],Se,Se,Se,Se,Se,,Se,SIGNEXCESS
8441:57 [2314],Se,Se,Se,Se,Se,,Se,SIGNEXCESS
8466:16 [2315],Sd,,,,Sd,,,
8472:16 [2316],,,m,,,m,m,
8472:18 [2317],,,m,,,m,m,
8479:28 [2318],m,m,m,Sd,Sd,,m,
8482:26 [2319],m,m,,m,m,m,Sd,
8482:28 [2320],m,m,,m,m,m,Sd,
8493:17 [2321],Sd,Sd,,,m,,,
8501:75 [2322],Sd,Sd,m,Sd,Sd,,,
8503:43 [2323],m,,m,,m,m,m,
8520:13 [2324],Se,,,Se,,,,EXCESS
8524:20 [2325],Sd,,m,Sd,,,m,
8526:38 [2326],Se,Se,Se,Se,Se,Se,Se,SIGNEXCESS
8527:62 [2327],Sd,Sd,m,,Sd,,m,
8541:35 [2328],Sd,m,m,,m,m,,
8546:24 [2329],Sd,,,Sd,Sd,Sd,Sd,SIGN
8546:29 [2330],Sd,,,Sd,Sd,,Sd,
8546:46 [2331],Sd,,,Sd,Sd,,Sd,
8546:51 [2332],Sd,,,Sd,Sd,,Sd,
8552:53 [2333],Sd,Sd,Sd,,m,m,,
8553:12 [2334],m,,m,,Sd,m,m,
8556:12 [2335],,,,,Sd,Sd,m,
8559:25 [2336],Sd,Sd,,,Sd,m,Sd,
8585:53 [2337],,,,,,,,
8591:22 [2338],,,m,,,,m,
8591:32 [2339],,,m,,,,m,
8596:14 [2340],m,m,m,m,,Sd,m,
8596:45 [2341],Sd,,Sd,Sd,Sd,,,
8608:16 [2342],,m,m,,,,,
8608:19 [2343],,,,,m,,,
8608:33 [2344],,m,,m,m,m,m,
8608:45 [2345],,,Sd,,m,,,
8608:62 [2346],,m,m,,,,,
8613:67 [2347],m,m,m,Sd,Sd,m,m,
8621:32 [2348],Sd,,Sd,,Sd,,,
8623:26 [2349],Sd,,Sd,Sd,Sd,,m,
8623:61 [2350],Sd,,Sd,Sd,Sd,,m,
8627:54 [2351],Sd,,Sd,Sd,Sd,,m,
8631:27 [2352],m,,m,,Sd,Sd,m,
8635:57 [2353],Se,,Se,,Se,Se,,EXCESS
8648:27 [2354],m,,m,m,m,m,,
8648:66 [2355],,m,m,m,m,m,,
8648:67 [2356],Sd,m,m,m,m,m,,
8648:68 [2357],Sd,m,Sd,Sd,m,,,
8658:29 [2358],Sd,,m,Sd,m,,,
8658:48 [2359],Sd,,m,Sd,m,,,
8658:61 [2360],Sd,,m,Sd,m,,,
8683:22 [2361],Sd,,Sd,,Sd,,,
8690:2 [2362],,,m,m,m,m,,
8690:23 [2363],,,m,m,m,m,,
8690:40 [2364],,,m,m,m,m,,
8690:44 [2365],,,m,m,m,m,,
8691:43 [2366],,,Sd,m,,m,Sd,
8704:55 [2367],Sd,Sd,Sd,Sd,Sd,Sd,Sd,SIGN
8708:64 [2368],,,Sd,Sd,m,m,,
8712:6 [2369],,Se,Se,Se,,,Se,EXCESS
8712:7 [2370],,Se,Se,Se,,,Se,EXCESS
8712:12 [2371],,Se,Se,Se,,,Se,EXCESS
8712:44 [2372],,Se,Se,Se,,,Se,EXCESS
8717:4 [2373],Sd,Sd,Sd,Sd,Sd,,m,SIGN
8732:46 [2374],,,,,,,,
8732:73 [2375],m,m,,,m,,,
8739:75 [2376],Se,Se,Se,Se,Se,,Se,SIGNEXCESS
8751:4 [2377],Sd,,,Sd,Sd,,Sd,
8754:27 [2378],,,m,,,,,
8754:41 [2379],,,m,,,,,
8754:61 [2380],,,m,,,,,
8755:63 [2381],m,,m,,m,m,m,
8755:72 [2382],m,,m,,m,m,m,
8758:43 [2383],Se,Se,Se,Se,Se,Se,Se,SIGNEXCESS
8761:50 [2384],Se,Se,Se,Se,Se,Se,Se,SIGNEXCESS
8767:75 [2385],Sd,,Sd,Sd,Sd,,,
8768:75 [2386],m,,m,m,m,m,m,
8769:6 [2387],m,m,m,Sd,Sd,m,m,
8770:39 [2388],m,Sd,,m,Sd,Sd,m,
8777:19 [2389],,Se,,,,Se,,EXCESS
8784:45 [2390],m,,m,m,m,m,m,
8787:17 [2391],Sd,,Sd,,Sd,Sd,Sd,SIGN
8787:34 [2392],Sd,,Sd,,Sd,Sd,Sd,SIGN
8787:42 [2393],Sd,,Sd,,Sd,Sd,Sd,SIGN
8791:47 [2394],Sd,Sd,Sd,,m,m,,
8791:48 [2395],Sd,Sd,Sd,,m,m,,
8800:54 [2396],Sd,,Sd,,Sd,Sd,,
8821:15 [2397],,Se,,Se,Se,,Se,EXCESS
8821:45 [2398],,Se,,Se,Se,,Se,EXCESS
8840:66 [2399],m,m,,m,m,Sd,m,
8841:1 [2400],m,m,m,,Sd,m,,
8841:22 [2401],m,m,m,m,m,m,,
8841:47 [2402],m,m,m,m,m,m,,
8841:68 [2403],m,m,m,m,m,m,,
8846:4 [2404],m,,,,,,m,
8846:28 [2405],m,,,,,,m,
8848:8 [2406],,Se,,Se,,,Se,EXCESS
8857:6 [2407],,,,m,m,,,
8864:30 [2408],Sd,,Sd,Sd,Sd,Sd,Sd,SIGN
8871:48 [2409],Se,,Se,Se,,Se,,EXCESS
8897:15 [2410],Sd,,m,Sd,Sd,,,
8899:52 [2411],,m,,,,,,
8902:5 [2412],m,,m,m,m,m,m,
8902:75 [2413],m,m,,Sd,m,m,m,
8903:35 [2414],,m,m,m,m,m,,
8903:46 [2415],,m,m,m,m,m,,
8904:49 [2416],Sd,Sd,Sd,,Sd,,Sd,SIGN
8912:3 [2417],m,,m,,m,m,m,
8912:60 [2418],m,,m,m,m,m,,
8929:41 [2419],Sd,,,Sd,Sd,,Sd,
8929:55 [2420],Sd,,,Sd,Sd,,Sd,
8929:59 [2421],Sd,,,Sd,Sd,,Sd,
8938:36 [2422],m,,m,,m,m,,
8942:64 [2423],Sd,Sd,Sd,,Sd,,m,
8943:7 [2424],Sd,,Sd,Sd,Sd,,,
8943:53 [2425],Sd,,Sd,Sd,Sd,,,
8943:59 [2426],Sd,,Sd,Sd,Sd,,,
8943:61 [2427],Sd,,Sd,Sd,Sd,,,
8943:73 [2428],Sd,,Sd,Sd,Sd,,,
8947:25 [2429],,,,,m,m,m,
8947:36 [2430],,Se,,Se,Se,Se,,EXCESS
8949:31 [2431],Sd,Sd,Sd,,Sd,,Sd,SIGN
8950:54 [2432],m,,m,Sd,Sd,,m,
8952:44 [2433],m,,,Sd,Sd,,,
8959:47 [2434],m,,m,m,m,,m,
8960:64 [2435],Sd,,,,Sd,Sd,,
8972:15 [2436],Sd,,m,,Sd,,,
8975:23 [2437],Sd,,Sd,Sd,Sd,,,
8979:65 [2438],Sd,m,Sd,Sd,Sd,,Sd,SIGN
8983:3 [2439],Sd,,,Sd,,,Sd,
8991:8 [2440],Sd,,Sd,,,,,
8992:12 [2441],m,m,m,,m,,m,
8992:13 [2442],m,,m,m,m,m,m,
8997:28 [2443],Sd,,Sd,Sd,Sd,Sd,,SIGN
8998:52 [2444],,m,,,,,,
9001:8 [2445],,m,m,,m,m,m,
9001:39 [2446],m,m,m,,,m,m,
9005:34 [2447],Sd,,Sd,,Sd,Sd,,
9006:6 [2448],,,,Se,Se,,,EXCESS
9006:15 [2449],,,,Se,Se,,,EXCESS
9006:22 [2450],,,,Se,Se,,,EXCESS
9006:39 [2451],,,,Se,Se,,,EXCESS
9006:73 [2452],,,,Se,Se,,,EXCESS
9017:64 [2453],,m,m,,,,,
9017:75 [2454],,,,,,,,
9035:58 [2455],Sd,,,,Sd,Sd,,
9038:22 [2456],,m,,m,m,m,m,
9038:39 [2457],Sd,m,,m,m,m,m,
9043:53 [2458],Sd,,,,Sd,,,
9045:64 [2459],Se,Se,Se,Se,Se,,Se,SIGNEXCESS
9049:75 [2460],m,,,,,,m,
9057:45 [2461],Sd,,Sd,Sd,Sd,Sd,,SIGN
9057:54 [2462],Sd,,Sd,Sd,Sd,Sd,,SIGN
9057:56 [2463],Sd,,Sd,Sd,Sd,Sd,,SIGN
9068:24 [2464],Se,Se,Se,,Se,Se,,SIGNEXCESS
9071:4 [2465],m,m,m,,,m,,
9074:6 [2466],m,,Sd,Sd,,,,
9074:21 [2467],m,,Sd,Sd,,,,
9074:30 [2468],m,,Sd,Sd,,,,
9081:53 [2469],,,,,,,,
9081:57 [2470],,,,,,,,
9081:65 [2471],,,,,,,,
9083:29 [2472],m,m,m,m,m,,Sd,
9083:64 [2473],m,m,m,m,m,,Sd,
9083:65 [2474],m,m,m,m,m,,Sd,
9087:37 [2475],Sd,,m,Sd,Sd,,m,
9087:50 [2476],Sd,,m,Sd,Sd,,m,
9088:46 [2477],m,,m,m,m,m,m,
9103:42 [2478],,,,,,,,
9127:12 [2479],Sd,,,,Sd,,Sd,
9142:7 [2480],Sd,Sd,Sd,Sd,Sd,Sd,Sd,SIGN
9145:63 [2481],m,,m,,m,m,m,
9150:9 [2482],m,,Sd,,Sd,Sd,Sd,
9150:41 [2483],m,,Sd,,Sd,Sd,Sd,
9150:55 [2484],m,,Sd,,Sd,Sd,Sd,
9150:71 [2485],m,,Sd,,Sd,Sd,Sd,
9155:67 [2486],Sd,,Sd,Sd,Sd,,Sd,SIGN
9158:35 [2487],,,,,,,m,
9158:41 [2488],,,,,,,m,
9158:45 [2489],,m,,,,,,
9158:60 [2490],,,,,,,m,
9169:27 [2491],Sd,Sd,Sd,Sd,Sd,Sd,Sd,SIGN
9169:45 [2492],,,,,,,,
9188:23 [2493],Sd,Sd,m,,Sd,,,
9200:69 [2494],,,,,,,,
9206:57 [2495],Sd,,,,Sd,,Sd,
9206:62 [2496],Sd,,,,Sd,,Sd,
9211:26 [2497],Sd,,Sd,Sd,Sd,Sd,,SIGN
9219:22 [2498],Se,Se,Se,Se,Se,,Se,SIGNEXCESS
9222:1 [2499],Sd,,m,Sd,m,m,m,
9222:43 [2500],Sd,,m,Sd,m,m,m,
9228:7 [2501],m,m,m,m,m,m,,
9228:45 [2502],m,m,m,m,m,m,,
9228:47 [2503],Se,Se,,Se,,,,EXCESS
9228:50 [2504],m,m,m,m,m,m,,
9228:64 [2505],Se,Se,,Se,,,,EXCESS
9229:4 [2506],Sd,,Sd,Sd,Sd,Sd,Sd,SIGN
9229:28 [2507],m,,m,m,m,m,m,
9244:48 [2508],m,,m,m,m,m,m,
9254:39 [2509],m,,m,m,m,m,m,
9256:9 [2510],,,,,Sd,Sd,,
9256:16 [2511],,,,,Sd,Sd,,
9256:37 [2512],,,,,Sd,Sd,,
9259:9 [2513],,m,,m,m,m,m,
9259:58 [2514],m,,,,m,m,,
9259:68 [2515],,m,m,m,,,m,
9272:39 [2516],m,,m,,m,,,
9276:65 [2517],,,,,,,,
9278:23 [2518],,Se,Se,Se,,Se,,EXCESS
9278:29 [2519],,Se,Se,Se,,Se,,EXCESS
9278:50 [2520],,Se,Se,Se,,Se,,EXCESS
9278:58 [2521],,Se,Se,Se,,Se,,EXCESS
9278:74 [2522],,Se,Se,Se,,Se,,EXCESS
9280:24 [2523],m,,m,Sd,Sd,Sd,m,
9280:48 [2524],m,,m,Sd,Sd,Sd,m,
9280:53 [2525],m,,m,Sd,Sd,Sd,m,
9280:57 [2526],m,,m,Sd,Sd,Sd,m,
9282:49 [2527],m,,m,,,m,m,
9289:61 [2528],m,,m,m,m,m,m,
9302:5 [2529],m,,m,,,,m,
9304:6 [2530],Sd,,m,,Sd,Sd,m,
9311:3 [2531],Sd,Sd,m,Sd,,,,
9311:21 [2532],Sd,Sd,m,Sd,,,,
9311:43 [2533],Sd,Sd,m,Sd,,,,
9317:31 [2534],Sd,m,m,Sd,,Sd,,
9332:54 [2535],Sd,Sd,Sd,m,m,m,,
9335:66 [2536],Sd,Sd,Sd,Sd,m,m,Sd,SIGN
9348:30 [2537],m,,m,Sd,m,m,m,
9350:32 [2538],Sd,,Sd,Sd,Sd,,,
9361:51 [2539],Sd,,Sd,Sd,Sd,,,
9364:28 [2540],m,,,,Sd,,,
9364:38 [2541],m,,,,Sd,,,
9364:42 [2542],m,,,,m,m,,
9365:13 [2543],Sd,m,m,m,m,m,Sd,
9365:34 [2544],Sd,m,m,m,m,m,Sd,
9365:70 [2545],Sd,m,m,m,m,m,Sd,
9366:6 [2546],Sd,,,,m,,,
9366:31 [2547],Sd,,,,m,,,
9369:35 [2548],,,m,,Sd,m,,
9374:32 [2549],Sd,Sd,,Sd,Sd,,,
9382:51 [2550],m,,m,m,m,m,m,
9383:15 [2551],m,m,m,Sd,m,Sd,m,
9383:44 [2552],m,m,m,Sd,m,Sd,m,
9383:69 [2553],m,m,m,Sd,m,Sd,m,
9383:72 [2554],m,m,m,Sd,m,Sd,m,
9383:73 [2555],m,m,m,Sd,m,Sd,m,
9384:47 [2556],Sd,,,,,,Sd,
9389:6 [2557],Sd,,Sd,,Sd,Sd,Sd,SIGN
9389:33 [2558],Sd,m,,m,m,m,Sd,
9389:34 [2559],Sd,,Sd,,Sd,Sd,Sd,SIGN
9389:35 [2560],Sd,m,,m,m,m,Sd,
9389:45 [2561],Sd,,Sd,Sd,,Sd,,
9396:58 [2562],m,m,m,m,m,m,,
9398:8 [2563],Sd,Sd,,Sd,Sd,,,
9398:41 [2564],m,m,,m,m,m,m,
9411:70 [2565],Sd,m,m,m,m,m,m,
9424:60 [2566],m,,m,m,m,,,
9432:39 [2567],Sd,Sd,,Sd,Sd,,Sd,SIGN
9436:8 [2568],m,Sd,m,,m,m,m,
9436:11 [2569],m,Sd,m,,m,m,m,
9436:27 [2570],m,Sd,m,,m,m,m,
9440:54 [2571],m,,m,,m,,m,
9445:42 [2572],m,,m,m,m,m,m,
9446:40 [2573],m,,m,,m,m,m,
9448:57 [2574],m,,m,m,m,m,m,
9448:75 [2575],m,,m,m,m,m,m,
9472:4 [2576],,,,,,,,
9474:45 [2577],Se,Se,Se,Se,,,,EXCESS
9476:73 [2578],,m,m,,,,m,
9477:4 [2579],,,,,,,,
9477:19 [2580],,,,,,,,
9477:68 [2581],,,,,,,,
9479:26 [2582],Sd,Sd,Sd,,Sd,Sd,Sd,SIGN
9486:6 [2583],m,,m,m,m,m,m,
9489:4 [2584],m,,m,m,m,m,m,
9496:15 [2585],m,m,m,m,m,m,,
9496:51 [2586],m,m,m,m,m,m,,
9497:26 [2587],Sd,,,Sd,Sd,,,
9501:19 [2588],Sd,,,,Sd,,,
9511:59 [2589],Sd,Sd,Sd,Sd,Sd,Sd,Sd,SIGN
9511:62 [2590],m,m,m,m,m,m,Sd,
9511:74 [2591],m,m,m,m,m,m,Sd,
9517:23 [2592],Sd,m,m,m,,m,m,
9517:65 [2593],Sd,m,m,m,,m,m,
9521:68 [2594],m,m,m,,,m,,
9526:7 [2595],Sd,Sd,Sd,,,,,
9526:46 [2596],Sd,Sd,,Sd,,,m,
9544:51 [2597],m,,m,Sd,,,m,
9546:45 [2598],Sd,,,,m,,,
9548:26 [2599],Sd,,Sd,Sd,Sd,Sd,,SIGN
9567:11 [2600],m,,m,m,m,m,,
9570:16 [2601],Sd,,Sd,,Sd,Sd,,
9577:14 [2602],m,,m,m,m,m,m,
9590:66 [2603],,,m,,m,,m,
9612:26 [2604],m,,Sd,Sd,Sd,,m,
9612:50 [2605],m,,Sd,Sd,Sd,,m,
9612:54 [2606],m,,Sd,Sd,Sd,,m,
9613:31 [2607],Sd,,,Sd,Sd,,,
9614:73 [2608],,m,,m,,m,,
9616:59 [2609],Sd,,Sd,,m,,,
9625:7 [2610],m,m,Sd,Sd,m,m,m,
9625:8 [2611],m,m,Sd,Sd,m,m,m,
9625:9 [2612],m,m,Sd,Sd,m,m,m,
9625:10 [2613],m,m,Sd,Sd,m,m,m,
9625:70 [2614],m,m,Sd,Sd,m,m,m,
9626:27 [2615],m,,m,m,m,m,m,
9634:1 [2616],,,,,,,,
9634:2 [2617],,,,,,,,
9634:6 [2618],,,Sd,,,,,
9634:34 [2619],,,,,,,,
9634:65 [2620],,,Sd,,,,,
9662:49 [2621],Sd,,Sd,,Sd,Sd,,
9664:14 [2622],,m,m,,m,,Sd,
9672:70 [2623],Sd,,,Sd,Sd,m,,
9676:46 [2624],Sd,Sd,Sd,Sd,Sd,Sd,Sd,SIGN
9678:57 [2625],m,m,,m,Sd,m,,
9680:73 [2626],,Se,Se,Se,,,,EXCESS
9685:15 [2627],m,m,m,,m,m,m,
9689:20 [2628],,,,,,Se,,EXCESS
9690:58 [2629],Sd,Sd,Sd,Sd,Sd,Sd,Sd,SIGN
9690:61 [2630],Sd,Sd,Sd,Sd,Sd,Sd,Sd,SIGN
9690:68 [2631],Sd,Sd,Sd,Sd,Sd,Sd,Sd,SIGN
9694:12 [2632],Sd,,Sd,,Sd,Sd,,
9703:2 [2633],m,,m,m,m,m,m,
9703:13 [2634],m,,m,m,m,m,m,
9711:23 [2635],Sd,,Sd,,Sd,Sd,Sd,SIGN
9717:16 [2636],Sd,,Sd,,,Sd,,
9718:74 [2637],Sd,,m,m,,m,,
9723:7 [2638],,,,,,,,
9723:49 [2639],,,,,,,,
9723:71 [2640],,,,,,,,
9724:13 [2641],m,m,m,,m,,,
9724:41 [2642],m,,m,,m,m,,
9733:10 [2643],Sd,Sd,,,,,Sd,
9733:12 [2644],Sd,Sd,,,,,Sd,
9733:17 [2645],Sd,Sd,,,,,Sd,
9733:75 [2646],Sd,Sd,,,,,Sd,
9751:16 [2647],Sd,,Sd,,Sd,,m,
9751:17 [2648],Sd,,Sd,,Sd,,m,
9751:48 [2649],Sd,,Sd,Sd,Sd,Sd,m,SIGN
9754:70 [2650],Sd,,Sd,Sd,Sd,,,
9760:35 [2651],Sd,,Sd,Sd,Sd,Sd,,SIGN
9771:21 [2652],Sd,,Sd,,Sd,,,
9773:6 [2653],Sd,,Sd,,Sd,,Sd,
9773:20 [2654],Sd,,Sd,,Sd,,Sd,
9773:31 [2655],Sd,m,Sd,m,Sd,m,,
9779:8 [2656],Sd,,,Sd,Sd,m,Sd,
9779:62 [2657],m,m,m,m,m,m,,
9793:17 [2658],,,Sd,m,m,m,,
9794:15 [2659],m,,Sd,Sd,,Sd,,
9796:49 [2660],Sd,,Sd,m,m,m,,
9800:33 [2661],Sd,,Sd,Sd,Sd,,,
9812:75 [2662],Sd,,Sd,Sd,Sd,,,
9813:57 [2663],Sd,,m,Sd,Sd,m,,
9819:23 [2664],Sd,,Sd,Sd,,Sd,,
9826:2 [2665],m,m,m,Sd,m,,m,
9826:3 [2666],m,m,m,m,Sd,m,m,
9839:31 [2667],Sd,,,Sd,m,m,m,
9839:43 [2668],Sd,,,Sd,m,m,m,
9839:63 [2669],Sd,,,Sd,m,m,m,
9840:4 [2670],Sd,,,Sd,Sd,,,
9845:27 [2671],Sd,,,m,m,,Sd,
9856:24 [2672],m,,m,m,m,,m,
9860:4 [2673],m,,Sd,m,m,m,m,
9860:30 [2674],m,,Sd,m,m,m,m,
9860:57 [2675],m,,Sd,m,m,m,m,
9861:22 [2676],Sd,,Sd,Sd,Sd,Sd,m,SIGN
9861:25 [2677],m,m,Sd,m,m,m,m,
9861:40 [2678],Sd,Sd,Sd,Sd,Sd,Sd,Sd,SIGN
9869:22 [2679],,m,,,,,,
9869:49 [2680],,m,m,,,,,
9869:58 [2681],m,m,,,,,m,
9869:72 [2682],m,m,,m,m,m,,
9873:60 [2683],m,,,,Sd,,m,
9874:60 [2684],,,,,,,,
9892:9 [2685],,m,,,,,,
9892:12 [2686],,m,,,,,,
9892:29 [2687],,m,,,,,,
9892:40 [2688],,m,,,,,,
9893:28 [2689],Sd,,,Sd,Sd,,Sd,
9894:68 [2690],m,,m,m,m,m,m,
9904:35 [2691],m,Sd,m,m,m,m,m,
9904:54 [2692],m,Sd,m,m,m,m,m,
9909:5 [2693],Sd,,Sd,Sd,Sd,Sd,,SIGN
9915:44 [2694],Sd,,m,m,Sd,,,
9918:29 [2695],m,,m,m,m,m,m,
9918:73 [2696],m,,m,m,m,m,m,
9919:39 [2697],m,,m,,m,,m,
9919:44 [2698],m,,m,,m,,m,
9919:57 [2699],m,,m,,m,,m,
9927:37 [2700],Sd,,Sd,,Sd,Sd,Sd,SIGN
9928:41 [2701],m,,m,Sd,Sd,Sd,m,
9930:4 [2702],m,m,m,m,m,,,
9930:38 [2703],m,m,m,m,m,,,
9930:40 [2704],m,m,m,,,,m,
9930:47 [2705],m,m,m,m,m,,,
9930:49 [2706],m,m,m,m,m,,,
9932:30 [2707],Sd,,,Sd,Sd,,,
9932:31 [2708],Sd,,,Sd,Sd,,,
9945:54 [2709],,,Se,Se,,,,EXCESS
9952:30 [2710],m,,m,m,m,m,m,
9955:45 [2711],Se,,Se,Se,Se,Se,,SIGNEXCESS
9971:12 [2712],,m,,,m,,m,
9976:59 [2713],Sd,,Sd,Sd,Sd,Sd,,SIGN
9979:14 [2714],m,m,m,,m,m,,
9981:10 [2715],Sd,Sd,Sd,,Sd,m,,
9992:61 [2716],,,m,,,m,m,
9996:28 [2717],m,m,m,,,m,m,
10004:47 [2718],m,,m,m,m,Sd,m,
10004:72 [2719],m,,m,m,m,Sd,m,
10004:73 [2720],m,,m,m,m,Sd,m,
10008:5 [2721],Se,Se,,Se,,,Se,EXCESS
10009:60 [2722],Sd,,Sd,Sd,Sd,,Sd,SIGN
10012:15 [2723],Sd,,,Sd,Sd,,Sd,
10024:41 [2724],Sd,,Sd,Sd,Sd,,m,
10024:43 [2725],Sd,,Sd,Sd,Sd,,m,
10027:29 [2726],m,,m,,m,m,m,
10029:43 [2727],Sd,,,,,,,
10030:2 [2728],,m,m,m,,m,m,
10030:19 [2729],,m,m,m,,m,m,
10032:2 [2730],Sd,,Sd,,m,,,
10034:23 [2731],Se,Se,Se,Se,Se,Se,Se,SIGNEXCESS
10035:15 [2732],Sd,,Sd,Sd,Sd,Sd,,SIGN
10038:18 [2733],Sd,,Sd,,,,Sd,
10041:9 [2734],m,,m,m,m,m,m,
10041:35 [2735],m,,m,m,m,m,m,
10041:74 [2736],m,,m,m,m,m,m,
10042:52 [2737],m,,,m,m,m,m,
10042:54 [2738],m,m,m,,,m,m,
10049:46 [2739],m,,m,m,,m,m,
10049:73 [2740],m,,Sd,Sd,,m,,
10051:24 [2741],m,,,m,m,m,,
10053:70 [2742],m,,Sd,,,Sd,m,
10068:61 [2743],Sd,,,,,,,
10073:37 [2744],Sd,m,m,,,m,m,
10073:67 [2745],Sd,m,m,,,m,m,
10073:74 [2746],Sd,m,m,,,m,m,
10073:75 [2747],Sd,m,m,,,m,m,
10100:72 [2748],Sd,,,Sd,Sd,,m,
10112:74 [2749],Sd,,m,m,m,m,,
10115:58 [2750],m,m,Sd,Sd,Sd,,m,
10122:8 [2751],Sd,,Sd,Sd,Sd,,Sd,SIGN
10134:38 [2752],Sd,,,,Sd,,m,
10140:29 [2753],Sd,,Sd,m,m,m,,
10142:16 [2754],Sd,Sd,Sd,,Sd,Sd,Sd,SIGN
10147:28 [2755],Sd,,Sd,m,Sd,m,Sd,
10147:46 [2756],Sd,,Sd,m,Sd,m,Sd,
10151:12 [2757],Se,Se,Se,Se,Se,Se,Se,SIGNEXCESS
10151:18 [2758],Se,Se,Se,Se,Se,Se,Se,SIGNEXCESS
10155:51 [2759],Sd,m,m,m,m,m,Sd,
10168:47 [2760],m,Sd,m,m,m,m,m,
10168:74 [2761],m,Sd,m,m,m,m,m,
10172:5 [2762],Sd,,,Sd,m,,,
10172:39 [2763],Sd,,,Sd,m,,,
10173:51 [2764],m,,,,Sd,Sd,,
10173:74 [2765],m,,,,Sd,Sd,,
10174:53 [2766],,Se,,Se,Se,,,EXCESS
10179:7 [2767],Se,Se,Se,Se,Se,Se,Se,SIGNEXCESS
10179:30 [2768],Se,Se,Se,Se,Se,Se,Se,SIGNEXCESS
10179:33 [2769],Se,Se,Se,Se,Se,Se,Se,SIGNEXCESS
10179:63 [2770],Se,Se,Se,Se,Se,Se,Se,SIGNEXCESS
10183:6 [2771],,,,,,,,
10183:68 [2772],,,,,,,,
10186:35 [2773],m,,,Sd,Sd,,,
10187:7 [2774],Se,Se,Se,Se,Se,Se,,SIGNEXCESS
10187:22 [2775],Se,Se,Se,Se,Se,Se,,SIGNEXCESS
10187:61 [2776],,,,,,,,
10187:66 [2777],,,,,,,,
10187:73 [2778],,,,,,,,
10199:22 [2779],Sd,,Sd,,Sd,,,
10199:35 [2780],Sd,,Sd,,Sd,,,
10201:42 [2781],m,m,m,,m,m,,
10203:8 [2782],Sd,,,,,m,,
10206:6 [2783],m,,m,,m,m,,
10206:29 [2784],m,,m,,m,m,,
10206:43 [2785],m,,m,,m,m,,
10210:49 [2786],Sd,,m,,,,,
10220:35 [2787],Sd,Sd,Sd,Sd,Sd,Sd,Sd,SIGN
10220:57 [2788],Sd,Sd,Sd,Sd,Sd,Sd,Sd,SIGN
10221:35 [2789],Sd,,Sd,Sd,Sd,Sd,,SIGN
10226:71 [2790],Sd,Sd,Sd,Sd,Sd,,m,SIGN
10233:1 [2791],,Sd,,Sd,m,m,m,
10236:62 [2792],m,,m,m,m,m,m,
10238:4 [2793],Se,Se,Se,Se,Se,Se,Se,SIGNEXCESS
10240:52 [2794],m,,m,m,m,m,m,
10241:3 [2795],m,,Sd,Sd,Sd,Sd,,
10245:18 [2796],Sd,,,,m,m,,
10250:2 [2797],m,m,m,,m,m,m,
10250:8 [2798],,m,m,m,,,,
10255:15 [2799],m,,,Sd,Sd,m,m,
10256:28 [2800],m,,m,,,,m,
10256:48 [2801],m,,m,,,,m,
10256:49 [2802],m,,m,,,,m,
10270:37 [2803],m,,m,,Sd,m,m,
10282:41 [2804],Sd,Sd,Sd,,Sd,Sd,,SIGN
10287:40 [2805],m,m,m,m,Sd,,Sd,
10289:10 [2806],Sd,m,Sd,,Sd,,Sd,
10324:33 [2807],m,m,,m,m,m,m,
10324:57 [2808],Sd,,,Sd,Sd,,,
10324:60 [2809],Sd,,,Sd,Sd,,,
10324:61 [2810],Sd,,,Sd,Sd,,,
10335:10 [2811],m,m,m,m,m,,Sd,
10340:60 [2812],m,,m,Sd,Sd,,m,
10343:38 [2813],,,m,,Sd,,m,
10344:15 [2814],m,,m,m,m,m,m,
10344:55 [2815],m,,m,m,m,m,m,
10344:65 [2816],m,,m,m,m,m,m,
10345:28 [2817],Sd,,Sd,,,,Sd,
10349:26 [2818],Sd,,,m,m,m,,
10360:62 [2819],Sd,,m,,Sd,,Sd,
10384:19 [2820],,,,,,,,
10390:29 [2821],,m,,,,,m,
10391:52 [2822],Sd,m,Sd,m,m,m,,
10411:64 [2823],Sd,,Sd,Sd,m,m,m,
10421:8 [2824],Sd,,Sd,,,,,
10422:23 [2825],Se,Se,Se,Se,Se,Se,Se,SIGNEXCESS
10422:44 [2826],Se,Se,Se,Se,Se,Se,Se,SIGNEXCESS
10422:59 [2827],Se,Se,Se,Se,Se,Se,Se,SIGNEXCESS
10446:20 [2828],Sd,,,,Sd,Sd,Sd,
10452:15 [2829],Se,Se,Se,Se,,Se,,SIGNEXCESS
10452:18 [2830],Se,Se,Se,,,Se,,EXCESS
10452:21 [2831],Se,Se,Se,,,Se,,EXCESS
10452:36 [2832],,,,,,,,
10459:44 [2833],m,m,m,m,,,m,
10459:55 [2834],m,m,m,m,,,m,
10459:62 [2835],Sd,,,Sd,,,Sd,
10467:21 [2836],Se,Se,Sd,Se,Se,Sd,Sd,SIGNEXCESS
10475:56 [2837],m,Sd,m,Sd,Sd,Sd,m,
10479:1 [2838],,,,Sd,Sd,,,
10479:20 [2839],,m,m,m,m,,m,
10479:69 [2840],,m,m,m,m,,m,
10492:28 [2841],m,,m,,m,Sd,,
10494:35 [2842],,,m,,m,m,,
10494:56 [2843],,,m,,m,m,,
10495:19 [2844],Sd,,m,,,,,
10495:37 [2845],Sd,,m,,,,,
10499:23 [2846],m,,m,m,m,,m,
10509:11 [2847],Sd,,,,Sd,Sd,,
10509:15 [2848],Sd,,,Sd,Sd,Sd,,
10520:6 [2849],,Se,,Se,,Se,,EXCESS
10520:62 [2850],,Se,,Se,,Se,,EXCESS
10520:70 [2851],,Se,,Se,,Se,,EXCESS
10537:31 [2852],m,,Sd,Sd,Sd,Sd,,
10539:11 [2853],m,m,m,,m,,m,
10540:18 [2854],,,,,Sd,,Sd,
10540:23 [2855],,,,,Sd,,Sd,
10540:40 [2856],,,,,Sd,,Sd,
10542:31 [2857],Se,Se,,Se,Se,,,EXCESS
10542:41 [2858],Se,Se,,Se,Se,,,EXCESS
10542:44 [2859],Se,Se,,Se,Se,,,EXCESS
10542:55 [2860],Se,,,Se,Se,,,EXCESS
10543:63 [2861],Sd,,Sd,Sd,Sd,,,
10543:66 [2862],Sd,,Sd,Sd,Sd,,,
10552:39 [2863],m,Sd,m,Sd,m,m,m,
10562:63 [2864],m,,m,,Sd,Sd,m,
10563:46 [2865],,,,,,,,
10563:70 [2866],Se,,,Se,Se,,,EXCESS
10572:68 [2867],,,Sd,,Sd,Sd,,
10582:30 [2868],m,,m,m,m,m,m,
10586:25 [2869],Sd,,,Sd,,,,
10589:5 [2870],Sd,,Sd,Sd,Sd,,Sd,SIGN
10589:70 [2871],Sd,,Sd,Sd,Sd,,Sd,SIGN
10609:8 [2872],Sd,,Sd,m,Sd,m,,
10613:72 [2873],,,,,,,,
10638:20 [2874],,,,m,,m,m,
10638:30 [2875],,,,m,,m,m,
10639:11 [2876],Sd,m,Sd,Sd,Sd,Sd,Sd,SIGN
10639:72 [2877],Sd,,,Sd,m,Sd,m,
10651:13 [2878],m,,m,m,,,,
10651:74 [2879],m,,m,m,,,,
10665:9 [2880],,m,,m,,m,m,
10665:18 [2881],,m,,m,,m,m,
10665:25 [2882],,m,m,m,m,,m,
10665:69 [2883],,,m,m,,,m,
10668:62 [2884],,,,,,,,
10698:11 [2885],Sd,,Sd,,Sd,Sd,Sd,SIGN
10698:49 [2886],Sd,,Sd,,Sd,Sd,Sd,SIGN
10698:59 [2887],m,,m,m,m,m,m,
10701:40 [2888],Sd,,Sd,Sd,Sd,,,
10701:41 [2889],Sd,,m,m,Sd,m,m,
10701:56 [2890],Sd,,Sd,Sd,Sd,,,
10706:30 [2891],Sd,,m,,Sd,,,
10708:7 [2892],Sd,Sd,Sd,Sd,m,m,Sd,SIGN
10708:25 [2893],Sd,,m,m,Sd,m,m,
10708:27 [2894],Sd,Sd,,Sd,Sd,Sd,Sd,SIGN
10708:70 [2895],Sd,Sd,,Sd,Sd,Sd,Sd,SIGN
10711:1 [2896],m,m,,,m,m,,
10711:32 [2897],m,m,m,m,,m,,
10728:20 [2898],Sd,,Sd,Sd,Sd,,,
10728:48 [2899],Sd,,,,Sd,,,
10731:48 [2900],Sd,,Sd,,Sd,Sd,Sd,SIGN
10731:63 [2901],m,m,m,Sd,Sd,Sd,,
10732:4 [2902],m,m,m,m,m,m,,
10740:72 [2903],Sd,m,m,m,m,m,Sd,
10746:37 [2904],Sd,,Sd,Sd,Sd,,Sd,SIGN
10746:59 [2905],Sd,,Sd,Sd,Sd,,Sd,SIGN
10747:5 [2906],Sd,,Sd,Sd,Sd,Sd,,SIGN
10747:63 [2907],Sd,,Sd,Sd,Sd,Sd,,SIGN
10751:15 [2908],Sd,,Sd,Sd,Sd,Sd,,SIGN
10757:35 [2909],Sd,,,,Sd,Sd,Sd,
10760:38 [2910],m,Sd,,,m,m,m,
10778:72 [2911],,,m,,Sd,,,
10784:42 [2912],Sd,,Sd,Sd,Sd,,,
10789:61 [2913],m,,m,m,m,,m,
10790:65 [2914],Sd,Sd,,Sd,Sd,,Sd,SIGN
10793:56 [2915],Sd,,Sd,Sd,Sd,,Sd,SIGN
10793:67 [2916],Sd,,Sd,Sd,Sd,,Sd,SIGN
10804:24 [2917],m,m,m,,m,m,m,
10808:3 [2918],Sd,,Sd,Sd,Sd,m,Sd,SIGN
10814:52 [2919],Sd,,Sd,,Sd,Sd,,
10814:61 [2920],Sd,,Sd,,Sd,Sd,,
10814:74 [2921],Sd,,Sd,,Sd,Sd,,
10816:8 [2922],,,,,,,,
10816:29 [2923],,m,,,,m,,
10825:20 [2924],Sd,m,,m,m,m,,
10836:50 [2925],m,m,Sd,m,m,m,,
10843:27 [2926],Sd,Sd,Sd,Sd,Sd,Sd,m,SIGN
10861:29 [2927],Sd,Sd,Sd,Sd,Sd,Sd,Sd,SIGN
10861:31 [2928],Sd,Sd,Sd,Sd,Sd,Sd,Sd,SIGN
10861:32 [2929],Sd,Sd,Sd,Sd,Sd,Sd,Sd,SIGN
10861:54 [2930],Sd,Sd,Sd,Sd,Sd,Sd,Sd,SIGN
10865:29 [2931],Se,Se,Se,Se,Se,Se,Se,SIGNEXCESS
10867:70 [2932],Sd,,Sd,Sd,Sd,Sd,,SIGN
10878:51 [2933],Sd,,m,Sd,Sd,Sd,,
10885:35 [2934],Sd,Sd,Sd,Sd,m,,Sd,SIGN
10890:39 [2935],,,Sd,,,,,
10890:61 [2936],,,Sd,,,,,
10890:74 [2937],,,Sd,,,,,
10895:34 [2938],m,,m,Sd,m,Sd,m,
10898:74 [2939],Sd,,Sd,,Sd,m,,
10906:19 [2940],Sd,,Sd,Sd,m,Sd,Sd,SIGN
10906:20 [2941],Sd,,Sd,Sd,m,Sd,Sd,SIGN
10907:63 [2942],m,m,m,Sd,Sd,m,m,
10913:4 [2943],Sd,m,,Sd,,m,,
10913:34 [2944],m,,m,m,m,m,m,
10915:43 [2945],m,,m,m,Sd,,m,
10921:28 [2946],m,m,m,,m,m,m,
10921:29 [2947],Sd,m,m,m,m,m,m,
10942:4 [2948],Sd,,,Sd,Sd,Sd,Sd,SIGN
10945:8 [2949],m,,m,m,m,m,m,
10947:12 [2950],Sd,,,,Sd,Sd,,
10948:69 [2951],m,Sd,m,Sd,m,Sd,Sd,
10954:10 [2952],Sd,Sd,Sd,Sd,Sd,Sd,Sd,SIGN
10954:12 [2953],Sd,Sd,Sd,Sd,Sd,Sd,Sd,SIGN
10954:13 [2954],Sd,Sd,Sd,Sd,Sd,Sd,Sd,SIGN
10954:14 [2955],Sd,Sd,Sd,Sd,Sd,Sd,Sd,SIGN
10954:30 [2956],Sd,Sd,Sd,Sd,Sd,Sd,Sd,SIGN
10954:48 [2957],Sd,Sd,Sd,Sd,Sd,Sd,Sd,SIGN
10954:55 [2958],Sd,Sd,Sd,Sd,Sd,Sd,Sd,SIGN
10960:16 [2959],Sd,Sd,Sd,Sd,Sd,Sd,,SIGN
10960:17 [2960],Sd,Sd,Sd,Sd,Sd,Sd,,SIGN
10968:24 [2961],m,,m,m,m,,m,
10968:41 [2962],m,,m,m,m,,m,
10968:44 [2963],m,,m,m,m,,m,
10968:72 [2964],m,,m,m,m,,m,
10972:7 [2965],m,,m,,Sd,,m,
10972:11 [2966],m,,m,,Sd,,m,
10986:3 [2967],Sd,,Sd,Sd,Sd,Sd,Sd,SIGN
11000:62 [2968],Sd,,Sd,,m,m,,
11016:59 [2969],m,m,m,,m,m,m,
11029:3 [2970],Sd,Sd,Sd,Sd,Sd,Sd,Sd,SIGN
11029:9 [2971],Sd,Sd,Sd,Sd,Sd,Sd,Sd,SIGN
11029:17 [2972],Sd,Sd,Sd,Sd,Sd,Sd,Sd,SIGN
11029:18 [2973],Sd,Sd,Sd,Sd,Sd,Sd,Sd,SIGN
11029:31 [2974],Sd,Sd,Sd,Sd,Sd,Sd,Sd,SIGN
11029:66 [2975],Sd,Sd,Sd,Sd,Sd,Sd,Sd,SIGN
11030:18 [2976],Sd,,,m,,,,
11034:50 [2977],Sd,m,,,,m,m,
11035:37 [2978],m,,m,,m,m,m,
11038:4 [2979],m,,m,m,Sd,m,,
11046:6 [2980],m,,m,,m,m,m,
11049:42 [2981],Sd,Sd,Sd,,Sd,,,
11055:12 [2982],m,,m,,m,m,m,
11055:24 [2983],m,,m,,m,m,m,
11063:32 [2984],,m,,m,,m,m,
11063:54 [2985],,,,,,,,
11065:39 [2986],m,,m,Sd,m,m,m,
11065:40 [2987],m,,m,Sd,m,m,m,
11065:52 [2988],Sd,,m,Sd,Sd,Sd,m,
11067:70 [2989],,m,,,,,,
11071:25 [2990],Sd,,m,,m,Sd,,
11071:30 [2991],Sd,,m,,m,Sd,,
11071:36 [2992],Sd,,m,,m,Sd,,
11071:63 [2993],Sd,,m,,m,Sd,,
11073:55 [2994],m,,Sd,m,,m,m,
11088:26 [2995],m,Sd,m,m,m,m,m,
11089:48 [2996],Sd,,Sd,,Sd,,Sd,
11103:58 [2997],m,m,m,m,,m,,
11104:46 [2998],m,,m,m,m,,m,
11110:11 [2999],m,,m,m,m,,,
11112:58 [3000],Sd,,Sd,Sd,Sd,,Sd,SIGN
11115:40 [3001],Sd,,Sd,Sd,,m,m,
11122:9 [3002],Sd,Sd,Sd,Sd,Sd,Sd,,SIGN
11126:28 [3003],Sd,Sd,Sd,Sd,Sd,m,Sd,SIGN
11131:50 [3004],Sd,,m,Sd,Sd,m,,
11131:71 [3005],Sd,,m,Sd,Sd,m,,
11139:61 [3006],m,,m,,m,,m,
11160:6 [3007],Sd,,Sd,Sd,m,Sd,Sd,SIGN
11173:17 [3008],Sd,,Sd,,Sd,Sd,,
11178:60 [3009],,,,m,,,,
11178:71 [3010],,,,m,,,,
11185:26 [3011],,,m,,m,m,m,
11185:36 [3012],,,m,,m,m,m,
11185:62 [3013],,,m,,m,m,m,
11186:19 [3014],,,,m,m,,m,
11197:16 [3015],,,,,,,,
11197:48 [3016],,,,,,,,
11213:14 [3017],,,,Sd,Sd,Sd,,
11231:2 [3018],m,,m,m,m,m,,
11231:4 [3019],m,,m,m,m,m,,
11231:63 [3020],m,,m,m,m,m,,
11235:42 [3021],Sd,Sd,Sd,Sd,Sd,,Sd,SIGN
11238:17 [3022],Sd,Sd,,m,m,m,m,
11238:42 [3023],Sd,Sd,,m,m,m,m,
11239:5 [3024],m,,m,m,m,m,m,
11240:21 [3025],Sd,Sd,Sd,Sd,Sd,Sd,Sd,SIGN
11251:73 [3026],m,,m,m,Sd,m,,
11259:43 [3027],Sd,,Sd,,Sd,,m,
11264:13 [3028],,Se,Se,Se,Se,,,EXCESS
11264:45 [3029],,Se,Se,Se,Se,,,EXCESS
11264:48 [3030],,Se,Se,Se,Se,,,EXCESS
11264:65 [3031],,Se,Se,Se,Se,,,EXCESS
11273:59 [3032],m,Sd,m,m,m,m,m,
11287:4 [3033],Sd,Sd,,Sd,Sd,m,Sd,SIGN
11287:12 [3034],Sd,Sd,,Sd,Sd,m,Sd,SIGN
11287:14 [3035],Sd,Sd,m,Sd,Sd,m,Sd,SIGN
11287:72 [3036],Sd,m,,m,m,m,m,
11292:72 [3037],Sd,,Sd,Sd,,Sd,,
11295:57 [3038],,Se,Se,Se,Se,Se,,SIGNEXCESS
11298:12 [3039],m,,m,m,m,Sd,m,
11298:74 [3040],m,,m,m,m,Sd,m,
11304:2 [3041],,,,,,,,
11304:48 [3042],,Se,,,,,,EXCESS
11313:18 [3043],m,m,m,m,m,,m,
11313:26 [3044],,,,,,,,
11313:48 [3045],,,,,,,,
11313:58 [3046],,,,,,,,
11313:73 [3047],m,m,m,,,,m,
11314:1 [3048],,,,,,,,
11314:6 [3049],m,,m,,,,m,
11314:18 [3050],,,m,,,,,
11328:69 [3051],m,m,m,m,m,,m,
11331:26 [3052],Sd,Sd,m,Sd,Sd,,,
11334:67 [3053],m,,m,,,,,
11338:25 [3054],m,m,m,,m,m,,
11339:12 [3055],m,,m,Sd,Sd,,m,
11339:16 [3056],m,,m,Sd,Sd,,m,
11339:19 [3057],m,,m,Sd,Sd,,m,
11340:43 [3058],m,Sd,m,m,m,m,,
11346:4 [3059],Sd,,m,,Sd,Sd,m,
11346:9 [3060],Sd,,m,,Sd,Sd,m,
11347:11 [3061],m,,m,,,,m,
11347:12 [3062],m,,m,,,,m,
11347:27 [3063],Se,Se,Se,Se,Se,Se,Se,SIGNEXCESS
11347:57 [3064],Se,Se,Se,Se,Se,Se,Se,SIGNEXCESS
11383:34 [3065],Sd,,Sd,,Sd,,,
11383:71 [3066],Sd,,Sd,,Sd,,,
11389:27 [3067],m,m,m,m,m,m,,
11389:44 [3068],m,m,m,m,m,m,,
11392:21 [3069],Sd,,Sd,,Sd,m,,
11392:51 [3070],Sd,,Sd,,Sd,m,,
11394:6 [3071],,m,,m,,Sd,,
11394:10 [3072],m,m,m,Sd,m,Sd,m,
11394:37 [3073],m,,m,Sd,m,m,m,
11394:46 [3074],,m,,m,,Sd,,
11394:55 [3075],,Sd,,Sd,,Sd,,
11394:70 [3076],,m,,m,,Sd,,
11397:1 [3077],Se,Se,Se,Se,Se,Se,Se,SIGNEXCESS
11400:75 [3078],m,,m,,,,m,
11405:74 [3079],m,,m,Sd,Sd,,m,
11406:38 [3080],m,,m,m,m,m,m,
11406:70 [3081],,,,,m,,m,
11412:3 [3082],,,,m,,,m,
11412:22 [3083],,,,,,m,,
11412:32 [3084],,m,m,,m,m,,
11412:66 [3085],m,,m,,,,,
11424:48 [3086],Sd,,,,Sd,Sd,,
11425:71 [3087],Sd,,Sd,Sd,Sd,Sd,,SIGN
11429:41 [3088],,,,,,,,
11429:55 [3089],,,,,,,,
11430:46 [3090],m,,m,,m,m,m,
11430:63 [3091],Se,,,Se,Se,Se,,EXCESS
11436:74 [3092],,,,,,m,,
11437:12 [3093],Sd,Sd,Sd,,Sd,,,
11437:48 [3094],Sd,Sd,Sd,,Sd,,,
11439:9 [3095],Sd,,,Sd,Sd,,,
11445:27 [3096],Sd,,Sd,Sd,Sd,,m,
11445:30 [3097],Sd,,Sd,Sd,Sd,,m,
11445:33 [3098],Sd,,Sd,Sd,Sd,,m,
11445:38 [3099],Sd,,Sd,Sd,Sd,,m,
11445:44 [3100],Sd,,Sd,Sd,Sd,,m,
11450:29 [3101],Sd,,Sd,,Sd,,Sd,
11453:19 [3102],Sd,,,,Sd,m,m,
11459:10 [3103],Sd,,,m,m,Sd,m,
11465:40 [3104],Sd,,Sd,Sd,Sd,,,
11468:17 [3105],Sd,,Sd,Sd,Sd,,Sd,SIGN
11468:21 [3106],m,,m,m,m,m,m,
11468:75 [3107],Sd,,Sd,Sd,Sd,,Sd,SIGN
11480:42 [3108],m,,,m,Sd,,,
11483:54 [3109],Sd,m,Sd,m,m,m,Sd,
11484:7 [3110],Sd,Sd,Sd,,Sd,,m,
11484:63 [3111],Sd,Sd,Sd,,Sd,,m,
11491:8 [3112],Sd,,,,,,m,
11491:9 [3113],Sd,,,,,,m,
11491:66 [3114],Sd,,,,,,m,
11491:73 [3115],Sd,,,,,,m,
11493:12 [3116],,m,,,m,,m,
11493:41 [3117],,,m,,m,m,m,
11493:57 [3118],,m,m,m,m,,m,
11499:33 [3119],Se,Se,Se,Se,,,Se,SIGNEXCESS
11508:21 [3120],m,,m,Sd,Sd,Sd,,
11512:8 [3121],Sd,Sd,Sd,Sd,Sd,Sd,Sd,SIGN
11513:11 [3122],,,,,,,,
11513:37 [3123],,m,,m,m,m,m,
11529:25 [3124],m,m,m,,m,m,m,
11531:34 [3125],m,,m,m,m,m,m,
11545:75 [3126],Sd,,,Sd,Sd,,Sd,
11551:57 [3127],Sd,,Sd,Sd,Sd,,Sd,SIGN
11562:29 [3128],Sd,,Sd,Sd,Sd,Sd,,SIGN
11570:40 [3129],m,,,,Sd,m,,
11577:41 [3130],m,m,m,m,m,,m,
11584:15 [3131],Sd,m,m,m,m,m,,
11593:69 [3132],Sd,m,,Sd,,m,Sd,
11594:23 [3133],,,,,,,,
11594:27 [3134],,,,,,m,,
11602:14 [3135],,m,,m,m,m,,
11602:39 [3136],,m,,m,m,m,,
11610:37 [3137],m,m,,m,m,,m,
11610:72 [3138],m,m,m,,m,m,,
11612:7 [3139],,,Se,Se,,,Se,EXCESS
11612:12 [3140],,,Se,Se,,,Se,EXCESS
11612:67 [3141],,,Se,Se,,,Se,EXCESS
11625:22 [3142],,,Se,Se,Se,Se,Se,SIGNEXCESS
11625:42 [3143],,,,,,m,m,
11625:61 [3144],,,Se,Se,Se,Se,Se,SIGNEXCESS
11626:27 [3145],m,,m,m,m,m,,
11626:40 [3146],m,,m,m,m,m,,
11636:14 [3147],Se,,Se,Se,Se,Se,Se,SIGNEXCESS
11639:48 [3148],Se,Se,Se,Se,Se,,Se,SIGNEXCESS
11646:45 [3149],,,,,,,,
11646:48 [3150],,,,,,,,
11646:67 [3151],,,,,,,,
11655:3 [3152],,,,,m,,,
11655:29 [3153],,,,,,,,
11658:44 [3154],Sd,,Sd,Sd,Sd,Sd,,SIGN
11658:47 [3155],Sd,,Sd,,Sd,Sd,,
11663:16 [3156],Se,,,Se,Se,,,EXCESS
11663:61 [3157],Se,,,Se,Se,,,EXCESS
11667:18 [3158],Sd,Sd,,,,m,,
11679:20 [3159],m,,m,m,,,m,
11679:22 [3160],m,,m,m,,,m,
11679:28 [3161],m,m,m,m,m,,m,
11679:30 [3162],,m,,,,,,
11679:35 [3163],m,,,,,,m,
11679:67 [3164],m,,m,,m,m,m,
11679:75 [3165],m,,,m,,m,m,
11688:41 [3166],m,,m,,m,,m,
11693:31 [3167],,,m,,m,,m,
11700:24 [3168],,,,,,,Se,EXCESS
11700:53 [3169],,,,,,,Se,EXCESS
11700:65 [3170],,,,,,,Se,EXCESS
11700:73 [3171],,,,,,,Se,EXCESS
11706:16 [3172],Sd,,m,,Sd,,,
11706:25 [3173],Sd,,m,,Sd,,,
11706:44 [3174],Sd,,m,,Sd,,,
11733:29 [3175],m,,m,Sd,Sd,,m,
11733:36 [3176],m,m,m,m,m,m,,
11735:23 [3177],m,m,m,m,Sd,m,m,
11738:8 [3178],Sd,,,,,Sd,Sd,
11747:66 [3179],Sd,,,m,m,m,m,
11747:74 [3180],Sd,,,m,m,m,m,
11752:3 [3181],Sd,,,,,,,
11752:4 [3182],m,,m,m,m,Sd,Sd,
11752:18 [3183],Sd,,,,,,,
11752:27 [3184],Sd,,,,,,,
11752:30 [3185],Sd,,,,,,,
11755:41 [3186],m,Sd,,,m,m,m,
11755:67 [3187],m,Sd,,,m,m,m,
11756:1 [3188],m,,,,Sd,Sd,Sd,
11756:25 [3189],m,,,,Sd,Sd,Sd,
11756:49 [3190],m,,,,Sd,Sd,Sd,
11756:67 [3191],m,,,,Sd,Sd,Sd,
11757:33 [3192],,,Sd,Sd,Sd,,,
11758:3 [3193],Sd,,Sd,m,m,m,m,
11762:4 [3194],Sd,Sd,Sd,Sd,Sd,Sd,Sd,SIGN
11762:51 [3195],,m,m,m,m,m,m,
11762:66 [3196],,,,,,,,
11763:54 [3197],m,,,,,,,
11768:17 [3198],,,,,,,m,
11768:48 [3199],,,,,,,m,
11768:63 [3200],,,,,,,m,
11768:73 [3201],,,,,,,m,
11776:6 [3202],Se,Se,Se,Se,Se,Se,Se,SIGNEXCESS
11776:10 [3203],Se,Se,Se,Se,Se,Se,Se,SIGNEXCESS
11780:24 [3204],Sd,,Sd,,,,,
11785:64 [3205],Sd,,Sd,Sd,Sd,,m,
11815:38 [3206],Sd,,m,,Sd,,Sd,
11823:10 [3207],,,,,,,,
11836:27 [3208],m,m,m,,Sd,Sd,m,
11836:33 [3209],m,m,m,,Sd,Sd,m,
11839:65 [3210],Se,Se,Se,Se,Se,,Se,SIGNEXCESS
11840:57 [3211],Se,Se,Se,Se,Se,Se,Se,SIGNEXCESS
11840:72 [3212],,,Se,,,,,EXCESS
11842:27 [3213],m,m,,m,m,m,m,
11842:43 [3214],m,,m,,m,,m,
11845:5 [3215],m,,m,Sd,Sd,,m,
11846:18 [3216],Sd,m,Sd,Sd,m,m,,
11846:37 [3217],Sd,m,Sd,Sd,m,m,,
11846:59 [3218],Sd,m,Sd,Sd,m,m,,
11856:58 [3219],Sd,m,m,m,Sd,Sd,m,
11857:25 [3220],m,,m,Sd,m,m,m,
11861:18 [3221],m,m,Sd,,,,,
11862:42 [3222],Sd,m,Sd,,m,Sd,Sd,
11866:34 [3223],m,,m,,,,m,
11866:59 [3224],,,m,,,,,
11866:68 [3225],,,,,,m,,
11868:24 [3226],m,,m,m,,,m,
11868:39 [3227],,m,,m,m,,,
11886:43 [3228],m,m,m,m,m,m,,
11886:56 [3229],m,m,m,m,m,m,,
11888:7 [3230],Sd,,,Sd,Sd,Sd,,
11895:60 [3231],m,,Sd,m,m,m,m,
11904:58 [3232],Sd,,Sd,Sd,Sd,Sd,Sd,SIGN
11905:14 [3233],m,,m,Sd,m,Sd,m,
11905:60 [3234],m,Sd,m,Sd,m,Sd,m,
11905:65 [3235],m,Sd,m,m,m,Sd,m,
11909:19 [3236],Sd,,Sd,Sd,Sd,Sd,,SIGN
11909:40 [3237],Sd,,Sd,Sd,Sd,Sd,,SIGN
11919:11 [3238],m,m,m,,Sd,Sd,,
11919:19 [3239],m,m,m,,Sd,Sd,,
11919:73 [3240],m,m,m,,Sd,Sd,,
11921:15 [3241],m,,m,m,Sd,m,Sd,
11921:26 [3242],m,,m,m,m,m,m,
11921:30 [3243],m,,m,m,Sd,m,Sd,
11935:31 [3244],Sd,,,Sd,,m,,
11946:34 [3245],m,m,,m,m,Sd,Sd,
11946:63 [3246],m,m,,m,m,Sd,Sd,
11959:7 [3247],m,m,m,m,m,m,Sd,
11966:47 [3248],Se,Se,,,Se,,,EXCESS
11968:12 [3249],Se,Se,,,Se,,,EXCESS
11972:1 [3250],Sd,,Sd,Sd,Sd,,,
11972:8 [3251],Sd,,Sd,Sd,Sd,,,
11972:36 [3252],Sd,,Sd,Sd,Sd,,,
11976:9 [3253],Sd,,,Sd,Sd,Sd,,
11987:4 [3254],Sd,,Sd,Sd,m,,m,
11991:4 [3255],Se,Se,Se,Se,,Se,Se,SIGNEXCESS
12002:25 [3256],m,m,m,m,Sd,m,Sd,
12002:28 [3257],m,m,m,m,Sd,m,Sd,
12002:33 [3258],m,m,m,m,Sd,m,Sd,
12002:38 [3259],m,m,m,m,Sd,m,Sd,
12002:60 [3260],m,m,m,m,Sd,m,Sd,
12008:73 [3261],Sd,m,Sd,Sd,Sd,Sd,Sd,SIGN
12014:5 [3262],m,m,m,,,,m,
12014:61 [3263],,,,,,,,
12014:69 [3264],,,,Sd,,Sd,,
12014:75 [3265],,,,,,m,,
12015:6 [3266],m,Sd,m,m,Sd,m,m,
12015:8 [3267],m,Sd,m,m,Sd,m,m,
12015:17 [3268],m,Sd,m,m,Sd,m,m,
12015:18 [3269],m,Sd,m,m,Sd,m,m,
12015:62 [3270],m,Sd,m,m,Sd,m,m,
12015:64 [3271],m,Sd,m,m,Sd,m,m,
12022:12 [3272],m,,m,m,m,m,Sd,
12029:59 [3273],Se,Se,Se,,Se,,,EXCESS
12029:61 [3274],Se,Se,Se,,Se,,,EXCESS
12029:71 [3275],Se,Se,Se,,Se,,,EXCESS
12038:7 [3276],m,Sd,Sd,Sd,Sd,Sd,,SIGN
12038:13 [3277],m,Sd,Sd,Sd,Sd,Sd,,SIGN
12038:48 [3278],m,Sd,Sd,Sd,Sd,Sd,,SIGN
12040:28 [3279],Sd,m,,,m,m,m,
12059:14 [3280],Sd,m,Sd,,m,,Sd,
12065:13 [3281],,,,,,,,
12070:26 [3282],Sd,,,m,m,m,m,
12070:64 [3283],Sd,,Sd,Sd,Sd,,Sd,SIGN
12070:73 [3284],Sd,,,m,m,m,m,
12073:36 [3285],m,,m,,,,m,
12083:71 [3286],Sd,Sd,m,Sd,m,,,
12085:16 [3287],m,Sd,Sd,Sd,m,m,m,
12085:59 [3288],m,Sd,Sd,Sd,m,m,m,
12085:62 [3289],m,Sd,Sd,Sd,m,m,m,
12085:63 [3290],m,Sd,Sd,Sd,m,m,m,
12085:74 [3291],m,Sd,Sd,Sd,m,m,m,
12106:14 [3292],Sd,,Sd,Sd,Sd,,,
12106:46 [3293],,,Sd,,Sd,,,
12112:7 [3294],m,m,Sd,m,m,m,,
12112:22 [3295],m,m,Sd,m,m,m,,
12112:35 [3296],,,m,m,,,m,
12113:38 [3297],,,,,,m,m,
12114:47 [3298],Sd,,Sd,,,,Sd,
12114:55 [3299],Sd,,Sd,Sd,m,m,Sd,
12114:62 [3300],Sd,,Sd,Sd,m,m,Sd,
12118:68 [3301],m,,m,m,m,m,m,
12118:74 [3302],m,,m,m,m,m,m,
12123:16 [3303],m,,Sd,m,m,m,m,
12124:28 [3304],m,,m,m,,Sd,m,
12124:70 [3305],m,,m,m,,Sd,m,
12126:25 [3306],Sd,Sd,m,Sd,Sd,Sd,m,SIGN
